text,label
"URGENT: Microsoft 365 Account Suspension Notice
Your Microsoft 365 business license has expired. Please verify your credentials immediately at http://login-micros0ft.support-portal.com to restore access. [Reference Code: PHISH-2000]",phishing
"IT Helpdesk: Password Expiration Alert in 2 Hours
Your enterprise domain password will expire today. Click here to retain your current password and prevent email disconnection: https://auth-portal-update.org/reset [Reference Code: PHISH-2001]",phishing
"Security Alert: Unauthorized login attempt from Russia
We detected an unauthorized login attempt from IP 185.220.101.5. If this was not you, verify your identity immediately: http://security-verify-session.net [Reference Code: PHISH-2002]",phishing
"Action Required: Updated VPN Certificate Installation
All staff must re-authenticate their SSL VPN tokens today. Failure to verify at https://vpn-gateway-access.xyz will terminate active sessions. [Reference Code: PHISH-2003]",phishing
"Payroll Portal: Direct Deposit Verification Required
We were unable to process your upcoming direct deposit. Update your banking profile immediately at http://hr-payroll-gateway.com/login [Reference Code: PHISH-2004]",phishing
"Docusign: Electronic Document Pending Signature
You have received a secure document for signature from Human Resources. Access the portal to sign: http://docusign-docs-viewer.com/sign?id=49204 [Reference Code: PHISH-2005]",phishing
"Shared OneDrive Document: Q3 Compensation Review
A confidential file has been shared with you via OneDrive. Click to authenticate and view: https://onedrive-share-vault.biz/view [Reference Code: PHISH-2006]",phishing
"Urgent: Webmail Quota Exceeded (98% Full)
Your mailbox has exceeded the storage limit. Unread messages will be bounced unless you upgrade your storage quota at http://webmail-storage-quota.info [Reference Code: PHISH-2007]",phishing
"Bank Notification: Security Token Re-synchronization
Your online banking session has been locked due to suspicious activity. Unlock your account at http://secure-banking-auth.xyz [Reference Code: PHISH-2008]",phishing
"Adobe Acrobat: Invoice_381920.pdf Shared via Cloud
A PDF document has been shared with you. Sign in with your work email to view the encrypted attachment: http://adobe-cloud-verify.org/doc [Reference Code: PHISH-2009]",phishing
"Zoom Meeting Invitation: Mandatory Quarterly Townhall
You have been invited to an all-hands meeting. Authenticate with your company single sign-on at http://zoom-sso-gateway.org/join to enter. [Reference Code: PHISH-2010]",phishing
"Google Workspace: Storage Full Notice
Your Google Drive space is full. Extra storage must be allocated by clicking http://gsuite-storage-admin.com before files are deleted. [Reference Code: PHISH-2011]",phishing
"Amazon Web Services: Account Billing Failure Alert
Your AWS account is pending termination due to an invalid card. Re-enter your billing credentials at http://aws-billing-update.cc [Reference Code: PHISH-2012]",phishing
"DocuSign: Purchase Agreement Ready for Review
Please review and sign the attached commercial lease agreement: https://docusign-secure-envelope.net/sign/88219 [Reference Code: PHISH-2013]",phishing
"Dropbox Shared Folder: Annual Performance Appraisals
Human Resources shared '2026_Appraisals.xlsx'. Log in with your corporate credentials to access: http://dropbox-auth-share.org [Reference Code: PHISH-2014]",phishing
"Apple ID: Security Alert - New Device Logged In
Your Apple ID was used to sign in on an unrecognized device. If this was not you, lock your account immediately: http://appleid-security-gate.info [Reference Code: PHISH-2015]",phishing
"PayPal: Suspicious Charge of $489.99 Authorized
If you did not authorize this payment to Digital Marketplace Ltd, dispute the transaction at http://paypal-dispute-resolution.net [Reference Code: PHISH-2016]",phishing
"Cisco AnyConnect: Required Security Patch Deployment
Download and authenticate the critical AnyConnect zero-day hotfix from http://cisco-vpn-update.biz to avoid disconnection. [Reference Code: PHISH-2017]",phishing
"Internal IT: Quarantine Release Request
3 incoming emails have been placed in quarantine. Review and release your messages at http://mail-quarantine-portal.com [Reference Code: PHISH-2018]",phishing
"DHL Express: Package Delivery Failed - Address Incomplete
Tracking #DH-99210-US failed delivery. Confirm your postal address and schedule redelivery at http://dhl-parcel-tracking.xyz [Reference Code: PHISH-2019]",phishing
"FedEx: Shipment Pending Clearance Notification
Your parcel is held at the sorting facility. Confirm custom tax payment at http://fedex-express-delivery.cc [Reference Code: PHISH-2020]",phishing
"Slack Technologies: Workspace Access Re-Verification
Your session token in workspace enterprise.slack.com has expired. Re-authenticate at http://slack-sso-login.org [Reference Code: PHISH-2021]",phishing
"LinkedIn: You have 7 unread messages from recruiters
See who is viewing your professional profile and respond to urgent messages: http://linkedin-messages-view.net [Reference Code: PHISH-2022]",phishing
"Okta Identity Cloud: Push Notification Verification
Multiple failed MFA push attempts detected. Reset your Okta authenticator profile at http://okta-auth-reset.org [Reference Code: PHISH-2023]",phishing
"GitHub: Personal Access Token Expiring Tomorrow
Your personal access token with repo scope will expire. Regenerate credentials at https://github-token-portal.net [Reference Code: PHISH-2024]",phishing
"Salesforce: Customer Portal Security Upgrade
Log in to authenticate your salesforce sandbox credentials after the winter release at http://salesforce-login-hub.biz [Reference Code: PHISH-2025]",phishing
"ServiceNow: Incident #INC098214 Assigned to You
A high-priority incident requires your immediate attention. Log in to view details: http://servicenow-ticket-view.net [Reference Code: PHISH-2026]",phishing
"Workday: 2026 W-2 Tax Form Available for Download
Your annual tax statements are ready. Access your employee self-service portal at http://workday-tax-portal.org [Reference Code: PHISH-2027]",phishing
"SharePoint: Budget_Forecast_Final.xlsx Shared with You
Finance department shared a confidential spreadsheet. Authenticate to view: http://sharepoint-corp-docs.net [Reference Code: PHISH-2028]",phishing
"Stripe: Merchant Payout Paused Pending Verification
Your merchant payouts have been paused. Verify your business registration details at http://stripe-merchant-verify.com [Reference Code: PHISH-2029]",phishing
"URGENT: Microsoft 365 Account Suspension Notice (Notification #131)
Your Microsoft 365 business license has expired. Please verify your credentials immediately at http://login-micros0ft.support-portal.com to restore access. [Reference Code: PHISH-2030]",phishing
"IT Helpdesk: Password Expiration Alert in 2 Hours (Notification #132)
Your enterprise domain password will expire today. Click here to retain your current password and prevent email disconnection: https://auth-portal-update.org/reset [Reference Code: PHISH-2031]",phishing
"Security Alert: Unauthorized login attempt from Russia (Notification #133)
We detected an unauthorized login attempt from IP 185.220.101.5. If this was not you, verify your identity immediately: http://security-verify-session.net [Reference Code: PHISH-2032]",phishing
"Action Required: Updated VPN Certificate Installation (Notification #134)
All staff must re-authenticate their SSL VPN tokens today. Failure to verify at https://vpn-gateway-access.xyz will terminate active sessions. [Reference Code: PHISH-2033]",phishing
"Payroll Portal: Direct Deposit Verification Required (Notification #135)
We were unable to process your upcoming direct deposit. Update your banking profile immediately at http://hr-payroll-gateway.com/login [Reference Code: PHISH-2034]",phishing
"Docusign: Electronic Document Pending Signature (Notification #136)
You have received a secure document for signature from Human Resources. Access the portal to sign: http://docusign-docs-viewer.com/sign?id=49204 [Reference Code: PHISH-2035]",phishing
"Shared OneDrive Document: Q3 Compensation Review (Notification #137)
A confidential file has been shared with you via OneDrive. Click to authenticate and view: https://onedrive-share-vault.biz/view [Reference Code: PHISH-2036]",phishing
"Urgent: Webmail Quota Exceeded (98% Full) (Notification #138)
Your mailbox has exceeded the storage limit. Unread messages will be bounced unless you upgrade your storage quota at http://webmail-storage-quota.info [Reference Code: PHISH-2037]",phishing
"Bank Notification: Security Token Re-synchronization (Notification #139)
Your online banking session has been locked due to suspicious activity. Unlock your account at http://secure-banking-auth.xyz [Reference Code: PHISH-2038]",phishing
"Adobe Acrobat: Invoice_381920.pdf Shared via Cloud (Notification #140)
A PDF document has been shared with you. Sign in with your work email to view the encrypted attachment: http://adobe-cloud-verify.org/doc [Reference Code: PHISH-2039]",phishing
"Zoom Meeting Invitation: Mandatory Quarterly Townhall (Notification #141)
You have been invited to an all-hands meeting. Authenticate with your company single sign-on at http://zoom-sso-gateway.org/join to enter. [Reference Code: PHISH-2040]",phishing
"Google Workspace: Storage Full Notice (Notification #142)
Your Google Drive space is full. Extra storage must be allocated by clicking http://gsuite-storage-admin.com before files are deleted. [Reference Code: PHISH-2041]",phishing
"Amazon Web Services: Account Billing Failure Alert (Notification #143)
Your AWS account is pending termination due to an invalid card. Re-enter your billing credentials at http://aws-billing-update.cc [Reference Code: PHISH-2042]",phishing
"DocuSign: Purchase Agreement Ready for Review (Notification #144)
Please review and sign the attached commercial lease agreement: https://docusign-secure-envelope.net/sign/88219 [Reference Code: PHISH-2043]",phishing
"Dropbox Shared Folder: Annual Performance Appraisals (Notification #145)
Human Resources shared '2026_Appraisals.xlsx'. Log in with your corporate credentials to access: http://dropbox-auth-share.org [Reference Code: PHISH-2044]",phishing
"Apple ID: Security Alert - New Device Logged In (Notification #146)
Your Apple ID was used to sign in on an unrecognized device. If this was not you, lock your account immediately: http://appleid-security-gate.info [Reference Code: PHISH-2045]",phishing
"PayPal: Suspicious Charge of $489.99 Authorized (Notification #147)
If you did not authorize this payment to Digital Marketplace Ltd, dispute the transaction at http://paypal-dispute-resolution.net [Reference Code: PHISH-2046]",phishing
"Cisco AnyConnect: Required Security Patch Deployment (Notification #148)
Download and authenticate the critical AnyConnect zero-day hotfix from http://cisco-vpn-update.biz to avoid disconnection. [Reference Code: PHISH-2047]",phishing
"Internal IT: Quarantine Release Request (Notification #149)
3 incoming emails have been placed in quarantine. Review and release your messages at http://mail-quarantine-portal.com [Reference Code: PHISH-2048]",phishing
"DHL Express: Package Delivery Failed - Address Incomplete (Notification #150)
Tracking #DH-99210-US failed delivery. Confirm your postal address and schedule redelivery at http://dhl-parcel-tracking.xyz [Reference Code: PHISH-2049]",phishing
"FedEx: Shipment Pending Clearance Notification (Notification #151)
Your parcel is held at the sorting facility. Confirm custom tax payment at http://fedex-express-delivery.cc [Reference Code: PHISH-2050]",phishing
"Slack Technologies: Workspace Access Re-Verification (Notification #152)
Your session token in workspace enterprise.slack.com has expired. Re-authenticate at http://slack-sso-login.org [Reference Code: PHISH-2051]",phishing
"LinkedIn: You have 7 unread messages from recruiters (Notification #153)
See who is viewing your professional profile and respond to urgent messages: http://linkedin-messages-view.net [Reference Code: PHISH-2052]",phishing
"Okta Identity Cloud: Push Notification Verification (Notification #154)
Multiple failed MFA push attempts detected. Reset your Okta authenticator profile at http://okta-auth-reset.org [Reference Code: PHISH-2053]",phishing
"GitHub: Personal Access Token Expiring Tomorrow (Notification #155)
Your personal access token with repo scope will expire. Regenerate credentials at https://github-token-portal.net [Reference Code: PHISH-2054]",phishing
"Salesforce: Customer Portal Security Upgrade (Notification #156)
Log in to authenticate your salesforce sandbox credentials after the winter release at http://salesforce-login-hub.biz [Reference Code: PHISH-2055]",phishing
"ServiceNow: Incident #INC098214 Assigned to You (Notification #157)
A high-priority incident requires your immediate attention. Log in to view details: http://servicenow-ticket-view.net [Reference Code: PHISH-2056]",phishing
"Workday: 2026 W-2 Tax Form Available for Download (Notification #158)
Your annual tax statements are ready. Access your employee self-service portal at http://workday-tax-portal.org [Reference Code: PHISH-2057]",phishing
"SharePoint: Budget_Forecast_Final.xlsx Shared with You (Notification #159)
Finance department shared a confidential spreadsheet. Authenticate to view: http://sharepoint-corp-docs.net [Reference Code: PHISH-2058]",phishing
"Stripe: Merchant Payout Paused Pending Verification (Notification #160)
Your merchant payouts have been paused. Verify your business registration details at http://stripe-merchant-verify.com [Reference Code: PHISH-2059]",phishing
"URGENT: Microsoft 365 Account Suspension Notice (Notification #161)
Your Microsoft 365 business license has expired. Please verify your credentials immediately at http://login-micros0ft.support-portal.com to restore access. [Reference Code: PHISH-2060]",phishing
"IT Helpdesk: Password Expiration Alert in 2 Hours (Notification #162)
Your enterprise domain password will expire today. Click here to retain your current password and prevent email disconnection: https://auth-portal-update.org/reset [Reference Code: PHISH-2061]",phishing
"Security Alert: Unauthorized login attempt from Russia (Notification #163)
We detected an unauthorized login attempt from IP 185.220.101.5. If this was not you, verify your identity immediately: http://security-verify-session.net [Reference Code: PHISH-2062]",phishing
"Action Required: Updated VPN Certificate Installation (Notification #164)
All staff must re-authenticate their SSL VPN tokens today. Failure to verify at https://vpn-gateway-access.xyz will terminate active sessions. [Reference Code: PHISH-2063]",phishing
"Payroll Portal: Direct Deposit Verification Required (Notification #165)
We were unable to process your upcoming direct deposit. Update your banking profile immediately at http://hr-payroll-gateway.com/login [Reference Code: PHISH-2064]",phishing
"Docusign: Electronic Document Pending Signature (Notification #166)
You have received a secure document for signature from Human Resources. Access the portal to sign: http://docusign-docs-viewer.com/sign?id=49204 [Reference Code: PHISH-2065]",phishing
"Shared OneDrive Document: Q3 Compensation Review (Notification #167)
A confidential file has been shared with you via OneDrive. Click to authenticate and view: https://onedrive-share-vault.biz/view [Reference Code: PHISH-2066]",phishing
"Urgent: Webmail Quota Exceeded (98% Full) (Notification #168)
Your mailbox has exceeded the storage limit. Unread messages will be bounced unless you upgrade your storage quota at http://webmail-storage-quota.info [Reference Code: PHISH-2067]",phishing
"Bank Notification: Security Token Re-synchronization (Notification #169)
Your online banking session has been locked due to suspicious activity. Unlock your account at http://secure-banking-auth.xyz [Reference Code: PHISH-2068]",phishing
"Adobe Acrobat: Invoice_381920.pdf Shared via Cloud (Notification #170)
A PDF document has been shared with you. Sign in with your work email to view the encrypted attachment: http://adobe-cloud-verify.org/doc [Reference Code: PHISH-2069]",phishing
"Zoom Meeting Invitation: Mandatory Quarterly Townhall (Notification #171)
You have been invited to an all-hands meeting. Authenticate with your company single sign-on at http://zoom-sso-gateway.org/join to enter. [Reference Code: PHISH-2070]",phishing
"Google Workspace: Storage Full Notice (Notification #172)
Your Google Drive space is full. Extra storage must be allocated by clicking http://gsuite-storage-admin.com before files are deleted. [Reference Code: PHISH-2071]",phishing
"Amazon Web Services: Account Billing Failure Alert (Notification #173)
Your AWS account is pending termination due to an invalid card. Re-enter your billing credentials at http://aws-billing-update.cc [Reference Code: PHISH-2072]",phishing
"DocuSign: Purchase Agreement Ready for Review (Notification #174)
Please review and sign the attached commercial lease agreement: https://docusign-secure-envelope.net/sign/88219 [Reference Code: PHISH-2073]",phishing
"Dropbox Shared Folder: Annual Performance Appraisals (Notification #175)
Human Resources shared '2026_Appraisals.xlsx'. Log in with your corporate credentials to access: http://dropbox-auth-share.org [Reference Code: PHISH-2074]",phishing
"Apple ID: Security Alert - New Device Logged In (Notification #176)
Your Apple ID was used to sign in on an unrecognized device. If this was not you, lock your account immediately: http://appleid-security-gate.info [Reference Code: PHISH-2075]",phishing
"PayPal: Suspicious Charge of $489.99 Authorized (Notification #177)
If you did not authorize this payment to Digital Marketplace Ltd, dispute the transaction at http://paypal-dispute-resolution.net [Reference Code: PHISH-2076]",phishing
"Cisco AnyConnect: Required Security Patch Deployment (Notification #178)
Download and authenticate the critical AnyConnect zero-day hotfix from http://cisco-vpn-update.biz to avoid disconnection. [Reference Code: PHISH-2077]",phishing
"Internal IT: Quarantine Release Request (Notification #179)
3 incoming emails have been placed in quarantine. Review and release your messages at http://mail-quarantine-portal.com [Reference Code: PHISH-2078]",phishing
"DHL Express: Package Delivery Failed - Address Incomplete (Notification #180)
Tracking #DH-99210-US failed delivery. Confirm your postal address and schedule redelivery at http://dhl-parcel-tracking.xyz [Reference Code: PHISH-2079]",phishing
"FedEx: Shipment Pending Clearance Notification (Notification #181)
Your parcel is held at the sorting facility. Confirm custom tax payment at http://fedex-express-delivery.cc [Reference Code: PHISH-2080]",phishing
"Slack Technologies: Workspace Access Re-Verification (Notification #182)
Your session token in workspace enterprise.slack.com has expired. Re-authenticate at http://slack-sso-login.org [Reference Code: PHISH-2081]",phishing
"LinkedIn: You have 7 unread messages from recruiters (Notification #183)
See who is viewing your professional profile and respond to urgent messages: http://linkedin-messages-view.net [Reference Code: PHISH-2082]",phishing
"Okta Identity Cloud: Push Notification Verification (Notification #184)
Multiple failed MFA push attempts detected. Reset your Okta authenticator profile at http://okta-auth-reset.org [Reference Code: PHISH-2083]",phishing
"GitHub: Personal Access Token Expiring Tomorrow (Notification #185)
Your personal access token with repo scope will expire. Regenerate credentials at https://github-token-portal.net [Reference Code: PHISH-2084]",phishing
"Salesforce: Customer Portal Security Upgrade (Notification #186)
Log in to authenticate your salesforce sandbox credentials after the winter release at http://salesforce-login-hub.biz [Reference Code: PHISH-2085]",phishing
"ServiceNow: Incident #INC098214 Assigned to You (Notification #187)
A high-priority incident requires your immediate attention. Log in to view details: http://servicenow-ticket-view.net [Reference Code: PHISH-2086]",phishing
"Workday: 2026 W-2 Tax Form Available for Download (Notification #188)
Your annual tax statements are ready. Access your employee self-service portal at http://workday-tax-portal.org [Reference Code: PHISH-2087]",phishing
"SharePoint: Budget_Forecast_Final.xlsx Shared with You (Notification #189)
Finance department shared a confidential spreadsheet. Authenticate to view: http://sharepoint-corp-docs.net [Reference Code: PHISH-2088]",phishing
"Stripe: Merchant Payout Paused Pending Verification (Notification #190)
Your merchant payouts have been paused. Verify your business registration details at http://stripe-merchant-verify.com [Reference Code: PHISH-2089]",phishing
"URGENT: Microsoft 365 Account Suspension Notice (Notification #191)
Your Microsoft 365 business license has expired. Please verify your credentials immediately at http://login-micros0ft.support-portal.com to restore access. [Reference Code: PHISH-2090]",phishing
"IT Helpdesk: Password Expiration Alert in 2 Hours (Notification #192)
Your enterprise domain password will expire today. Click here to retain your current password and prevent email disconnection: https://auth-portal-update.org/reset [Reference Code: PHISH-2091]",phishing
"Security Alert: Unauthorized login attempt from Russia (Notification #193)
We detected an unauthorized login attempt from IP 185.220.101.5. If this was not you, verify your identity immediately: http://security-verify-session.net [Reference Code: PHISH-2092]",phishing
"Action Required: Updated VPN Certificate Installation (Notification #194)
All staff must re-authenticate their SSL VPN tokens today. Failure to verify at https://vpn-gateway-access.xyz will terminate active sessions. [Reference Code: PHISH-2093]",phishing
"Payroll Portal: Direct Deposit Verification Required (Notification #195)
We were unable to process your upcoming direct deposit. Update your banking profile immediately at http://hr-payroll-gateway.com/login [Reference Code: PHISH-2094]",phishing
"Docusign: Electronic Document Pending Signature (Notification #196)
You have received a secure document for signature from Human Resources. Access the portal to sign: http://docusign-docs-viewer.com/sign?id=49204 [Reference Code: PHISH-2095]",phishing
"Shared OneDrive Document: Q3 Compensation Review (Notification #197)
A confidential file has been shared with you via OneDrive. Click to authenticate and view: https://onedrive-share-vault.biz/view [Reference Code: PHISH-2096]",phishing
"Urgent: Webmail Quota Exceeded (98% Full) (Notification #198)
Your mailbox has exceeded the storage limit. Unread messages will be bounced unless you upgrade your storage quota at http://webmail-storage-quota.info [Reference Code: PHISH-2097]",phishing
"Bank Notification: Security Token Re-synchronization (Notification #199)
Your online banking session has been locked due to suspicious activity. Unlock your account at http://secure-banking-auth.xyz [Reference Code: PHISH-2098]",phishing
"Adobe Acrobat: Invoice_381920.pdf Shared via Cloud (Notification #200)
A PDF document has been shared with you. Sign in with your work email to view the encrypted attachment: http://adobe-cloud-verify.org/doc [Reference Code: PHISH-2099]",phishing
"Zoom Meeting Invitation: Mandatory Quarterly Townhall (Notification #201)
You have been invited to an all-hands meeting. Authenticate with your company single sign-on at http://zoom-sso-gateway.org/join to enter. [Reference Code: PHISH-2100]",phishing
"Google Workspace: Storage Full Notice (Notification #202)
Your Google Drive space is full. Extra storage must be allocated by clicking http://gsuite-storage-admin.com before files are deleted. [Reference Code: PHISH-2101]",phishing
"Amazon Web Services: Account Billing Failure Alert (Notification #203)
Your AWS account is pending termination due to an invalid card. Re-enter your billing credentials at http://aws-billing-update.cc [Reference Code: PHISH-2102]",phishing
"DocuSign: Purchase Agreement Ready for Review (Notification #204)
Please review and sign the attached commercial lease agreement: https://docusign-secure-envelope.net/sign/88219 [Reference Code: PHISH-2103]",phishing
"Dropbox Shared Folder: Annual Performance Appraisals (Notification #205)
Human Resources shared '2026_Appraisals.xlsx'. Log in with your corporate credentials to access: http://dropbox-auth-share.org [Reference Code: PHISH-2104]",phishing
"Apple ID: Security Alert - New Device Logged In (Notification #206)
Your Apple ID was used to sign in on an unrecognized device. If this was not you, lock your account immediately: http://appleid-security-gate.info [Reference Code: PHISH-2105]",phishing
"PayPal: Suspicious Charge of $489.99 Authorized (Notification #207)
If you did not authorize this payment to Digital Marketplace Ltd, dispute the transaction at http://paypal-dispute-resolution.net [Reference Code: PHISH-2106]",phishing
"Cisco AnyConnect: Required Security Patch Deployment (Notification #208)
Download and authenticate the critical AnyConnect zero-day hotfix from http://cisco-vpn-update.biz to avoid disconnection. [Reference Code: PHISH-2107]",phishing
"Internal IT: Quarantine Release Request (Notification #209)
3 incoming emails have been placed in quarantine. Review and release your messages at http://mail-quarantine-portal.com [Reference Code: PHISH-2108]",phishing
"DHL Express: Package Delivery Failed - Address Incomplete (Notification #210)
Tracking #DH-99210-US failed delivery. Confirm your postal address and schedule redelivery at http://dhl-parcel-tracking.xyz [Reference Code: PHISH-2109]",phishing
"FedEx: Shipment Pending Clearance Notification (Notification #211)
Your parcel is held at the sorting facility. Confirm custom tax payment at http://fedex-express-delivery.cc [Reference Code: PHISH-2110]",phishing
"Slack Technologies: Workspace Access Re-Verification (Notification #212)
Your session token in workspace enterprise.slack.com has expired. Re-authenticate at http://slack-sso-login.org [Reference Code: PHISH-2111]",phishing
"LinkedIn: You have 7 unread messages from recruiters (Notification #213)
See who is viewing your professional profile and respond to urgent messages: http://linkedin-messages-view.net [Reference Code: PHISH-2112]",phishing
"Okta Identity Cloud: Push Notification Verification (Notification #214)
Multiple failed MFA push attempts detected. Reset your Okta authenticator profile at http://okta-auth-reset.org [Reference Code: PHISH-2113]",phishing
"GitHub: Personal Access Token Expiring Tomorrow (Notification #215)
Your personal access token with repo scope will expire. Regenerate credentials at https://github-token-portal.net [Reference Code: PHISH-2114]",phishing
"Salesforce: Customer Portal Security Upgrade (Notification #216)
Log in to authenticate your salesforce sandbox credentials after the winter release at http://salesforce-login-hub.biz [Reference Code: PHISH-2115]",phishing
"ServiceNow: Incident #INC098214 Assigned to You (Notification #217)
A high-priority incident requires your immediate attention. Log in to view details: http://servicenow-ticket-view.net [Reference Code: PHISH-2116]",phishing
"Workday: 2026 W-2 Tax Form Available for Download (Notification #218)
Your annual tax statements are ready. Access your employee self-service portal at http://workday-tax-portal.org [Reference Code: PHISH-2117]",phishing
"SharePoint: Budget_Forecast_Final.xlsx Shared with You (Notification #219)
Finance department shared a confidential spreadsheet. Authenticate to view: http://sharepoint-corp-docs.net [Reference Code: PHISH-2118]",phishing
"Stripe: Merchant Payout Paused Pending Verification (Notification #220)
Your merchant payouts have been paused. Verify your business registration details at http://stripe-merchant-verify.com [Reference Code: PHISH-2119]",phishing
"URGENT: Microsoft 365 Account Suspension Notice (Notification #221)
Your Microsoft 365 business license has expired. Please verify your credentials immediately at http://login-micros0ft.support-portal.com to restore access. [Reference Code: PHISH-2120]",phishing
"IT Helpdesk: Password Expiration Alert in 2 Hours (Notification #222)
Your enterprise domain password will expire today. Click here to retain your current password and prevent email disconnection: https://auth-portal-update.org/reset [Reference Code: PHISH-2121]",phishing
"Security Alert: Unauthorized login attempt from Russia (Notification #223)
We detected an unauthorized login attempt from IP 185.220.101.5. If this was not you, verify your identity immediately: http://security-verify-session.net [Reference Code: PHISH-2122]",phishing
"Action Required: Updated VPN Certificate Installation (Notification #224)
All staff must re-authenticate their SSL VPN tokens today. Failure to verify at https://vpn-gateway-access.xyz will terminate active sessions. [Reference Code: PHISH-2123]",phishing
"Payroll Portal: Direct Deposit Verification Required (Notification #225)
We were unable to process your upcoming direct deposit. Update your banking profile immediately at http://hr-payroll-gateway.com/login [Reference Code: PHISH-2124]",phishing
"Docusign: Electronic Document Pending Signature (Notification #226)
You have received a secure document for signature from Human Resources. Access the portal to sign: http://docusign-docs-viewer.com/sign?id=49204 [Reference Code: PHISH-2125]",phishing
"Shared OneDrive Document: Q3 Compensation Review (Notification #227)
A confidential file has been shared with you via OneDrive. Click to authenticate and view: https://onedrive-share-vault.biz/view [Reference Code: PHISH-2126]",phishing
"Urgent: Webmail Quota Exceeded (98% Full) (Notification #228)
Your mailbox has exceeded the storage limit. Unread messages will be bounced unless you upgrade your storage quota at http://webmail-storage-quota.info [Reference Code: PHISH-2127]",phishing
"Bank Notification: Security Token Re-synchronization (Notification #229)
Your online banking session has been locked due to suspicious activity. Unlock your account at http://secure-banking-auth.xyz [Reference Code: PHISH-2128]",phishing
"Adobe Acrobat: Invoice_381920.pdf Shared via Cloud (Notification #230)
A PDF document has been shared with you. Sign in with your work email to view the encrypted attachment: http://adobe-cloud-verify.org/doc [Reference Code: PHISH-2129]",phishing
"Zoom Meeting Invitation: Mandatory Quarterly Townhall (Notification #231)
You have been invited to an all-hands meeting. Authenticate with your company single sign-on at http://zoom-sso-gateway.org/join to enter. [Reference Code: PHISH-2130]",phishing
"Google Workspace: Storage Full Notice (Notification #232)
Your Google Drive space is full. Extra storage must be allocated by clicking http://gsuite-storage-admin.com before files are deleted. [Reference Code: PHISH-2131]",phishing
"Amazon Web Services: Account Billing Failure Alert (Notification #233)
Your AWS account is pending termination due to an invalid card. Re-enter your billing credentials at http://aws-billing-update.cc [Reference Code: PHISH-2132]",phishing
"DocuSign: Purchase Agreement Ready for Review (Notification #234)
Please review and sign the attached commercial lease agreement: https://docusign-secure-envelope.net/sign/88219 [Reference Code: PHISH-2133]",phishing
"Dropbox Shared Folder: Annual Performance Appraisals (Notification #235)
Human Resources shared '2026_Appraisals.xlsx'. Log in with your corporate credentials to access: http://dropbox-auth-share.org [Reference Code: PHISH-2134]",phishing
"Apple ID: Security Alert - New Device Logged In (Notification #236)
Your Apple ID was used to sign in on an unrecognized device. If this was not you, lock your account immediately: http://appleid-security-gate.info [Reference Code: PHISH-2135]",phishing
"PayPal: Suspicious Charge of $489.99 Authorized (Notification #237)
If you did not authorize this payment to Digital Marketplace Ltd, dispute the transaction at http://paypal-dispute-resolution.net [Reference Code: PHISH-2136]",phishing
"Cisco AnyConnect: Required Security Patch Deployment (Notification #238)
Download and authenticate the critical AnyConnect zero-day hotfix from http://cisco-vpn-update.biz to avoid disconnection. [Reference Code: PHISH-2137]",phishing
"Internal IT: Quarantine Release Request (Notification #239)
3 incoming emails have been placed in quarantine. Review and release your messages at http://mail-quarantine-portal.com [Reference Code: PHISH-2138]",phishing
"DHL Express: Package Delivery Failed - Address Incomplete (Notification #240)
Tracking #DH-99210-US failed delivery. Confirm your postal address and schedule redelivery at http://dhl-parcel-tracking.xyz [Reference Code: PHISH-2139]",phishing
"FedEx: Shipment Pending Clearance Notification (Notification #241)
Your parcel is held at the sorting facility. Confirm custom tax payment at http://fedex-express-delivery.cc [Reference Code: PHISH-2140]",phishing
"Slack Technologies: Workspace Access Re-Verification (Notification #242)
Your session token in workspace enterprise.slack.com has expired. Re-authenticate at http://slack-sso-login.org [Reference Code: PHISH-2141]",phishing
"LinkedIn: You have 7 unread messages from recruiters (Notification #243)
See who is viewing your professional profile and respond to urgent messages: http://linkedin-messages-view.net [Reference Code: PHISH-2142]",phishing
"Okta Identity Cloud: Push Notification Verification (Notification #244)
Multiple failed MFA push attempts detected. Reset your Okta authenticator profile at http://okta-auth-reset.org [Reference Code: PHISH-2143]",phishing
"GitHub: Personal Access Token Expiring Tomorrow (Notification #245)
Your personal access token with repo scope will expire. Regenerate credentials at https://github-token-portal.net [Reference Code: PHISH-2144]",phishing
"Salesforce: Customer Portal Security Upgrade (Notification #246)
Log in to authenticate your salesforce sandbox credentials after the winter release at http://salesforce-login-hub.biz [Reference Code: PHISH-2145]",phishing
"ServiceNow: Incident #INC098214 Assigned to You (Notification #247)
A high-priority incident requires your immediate attention. Log in to view details: http://servicenow-ticket-view.net [Reference Code: PHISH-2146]",phishing
"Workday: 2026 W-2 Tax Form Available for Download (Notification #248)
Your annual tax statements are ready. Access your employee self-service portal at http://workday-tax-portal.org [Reference Code: PHISH-2147]",phishing
"SharePoint: Budget_Forecast_Final.xlsx Shared with You (Notification #249)
Finance department shared a confidential spreadsheet. Authenticate to view: http://sharepoint-corp-docs.net [Reference Code: PHISH-2148]",phishing
"Stripe: Merchant Payout Paused Pending Verification (Notification #250)
Your merchant payouts have been paused. Verify your business registration details at http://stripe-merchant-verify.com [Reference Code: PHISH-2149]",phishing
"Urgent: Confidential Wire Transfer Request for Acquisition
Are you at your desk? We need to finalize a confidential wire transfer of $45,000 for the vendor acquisition today. Send me the routing confirmation. [Audit Ref: BEC-500]",bec_fraud
"Confidential: Immediate Wire Settlement
I am in an executive meeting and cannot take calls. Please process an urgent wire to our new legal counsel right away. Details attached. [Audit Ref: BEC-501]",bec_fraud
"Vendor Banking Detail Update - Pending Invoice
Please note that our bank account details have changed for all upcoming wire payments. Effective immediately, remit to the new account listed below. [Audit Ref: BEC-502]",bec_fraud
"Quick Task: Need Apple Gift Cards for Client Appreciation
I need you to purchase 5 x $100 Apple gift cards for the client presentation this afternoon. Email me the voucher codes as soon as you have them. [Audit Ref: BEC-503]",bec_fraud
"Urgent Payroll Routing Change
I recently switched banks. Please update my direct deposit routing number for the upcoming pay cycle before payroll cuts off today. [Audit Ref: BEC-504]",bec_fraud
"Re: Outstanding Vendor Invoice #89201
Please confirm if payment for invoice 89201 has cleared. If not, route the settlement via our expedited ACH account today. [Audit Ref: BEC-505]",bec_fraud
"Executive Request: Process Payment Authorization
Please review the attached vendor agreement and authorize the initial deposit payment of $28,500 immediately to reserve the hardware. [Audit Ref: BEC-506]",bec_fraud
"Urgent Wire Instruction: Supplier Contract
Please execute the wire transfer of $62,000 to the overseas supplier before the banking cutoff at 3 PM EST. Keep this transaction confidential. [Audit Ref: BEC-507]",bec_fraud
"Available for a Quick Task?
I am traveling for a partner meeting with limited phone access. Can you handle a quick domestic wire transfer for me this morning? [Audit Ref: BEC-508]",bec_fraud
"Urgent: Revised Account Details for Software Renewal
Please hold off on sending payment to our usual account. Our treasury department has updated the IBAN details for all EUR remittances. [Audit Ref: BEC-509]",bec_fraud
"Target Gift Cards for Employee Wellness Rewards
Hi, can you purchase 10 x $50 Target digital gift cards for the wellness program winners? Send the card numbers and PINs directly to this email. [Audit Ref: BEC-510]",bec_fraud
"Urgent: Escrow Deposit for Commercial Real Estate
The escrow closing deadline is 4 PM today. Wire the earnest money deposit of $75,000 to the title company using the attached wiring instructions. [Audit Ref: BEC-511]",bec_fraud
"Vendor Payment Status: Urgent Inquiry
We have not received payment for invoice INV-44910. Please send the SWIFT MT103 confirmation message as soon as the transfer is released. [Audit Ref: BEC-512]",bec_fraud
"Confidential Partner Retainer Payment
Please process a confidential retainer payment of $15,000 to our strategic advisory firm. Do not discuss this with the broader finance team yet. [Audit Ref: BEC-513]",bec_fraud
"Payroll Account Direct Deposit Form Update
Attached is my voided cheque. Please update my payroll direct deposit to this new account effective the next pay period. [Audit Ref: BEC-514]",bec_fraud
"Urgent Wire Transfer Authorization: Q3 Tax Settlement
Authorize the federal tax withholding transfer of $34,200 to the Treasury account before end of day to avoid penalties. [Audit Ref: BEC-515]",bec_fraud
"Change of Remittance Details - Logistics Services
Effective immediately, all future freight payments should be directed to our new commercial account at Metropolitan Bank. [Audit Ref: BEC-516]",bec_fraud
"Urgent: Steam Gift Cards for Partner Incentive
I need 8 Steam digital wallet codes for our software beta testing rewards. Buy them online and reply with the activation codes. [Audit Ref: BEC-517]",bec_fraud
"Executive Instruction: Expedited Wire Approval
Please approve the outstanding wire transfer of $51,800 to the cloud infrastructure contractor. We cannot afford service interruption. [Audit Ref: BEC-518]",bec_fraud
"Confidential Project Milestone Payment
We reached milestone 3 on Project Titan. Please remit the $40,000 progress payment to the developer agency today. [Audit Ref: BEC-519]",bec_fraud
"Urgent: Confidential Wire Transfer Request for Acquisition [Case 21]
Are you at your desk? We need to finalize a confidential wire transfer of $45,000 for the vendor acquisition today. Send me the routing confirmation. [Audit Ref: BEC-520]",bec_fraud
"Confidential: Immediate Wire Settlement [Case 22]
I am in an executive meeting and cannot take calls. Please process an urgent wire to our new legal counsel right away. Details attached. [Audit Ref: BEC-521]",bec_fraud
"Vendor Banking Detail Update - Pending Invoice [Case 23]
Please note that our bank account details have changed for all upcoming wire payments. Effective immediately, remit to the new account listed below. [Audit Ref: BEC-522]",bec_fraud
"Quick Task: Need Apple Gift Cards for Client Appreciation [Case 24]
I need you to purchase 5 x $100 Apple gift cards for the client presentation this afternoon. Email me the voucher codes as soon as you have them. [Audit Ref: BEC-523]",bec_fraud
"Urgent Payroll Routing Change [Case 25]
I recently switched banks. Please update my direct deposit routing number for the upcoming pay cycle before payroll cuts off today. [Audit Ref: BEC-524]",bec_fraud
"Re: Outstanding Vendor Invoice #89201 [Case 26]
Please confirm if payment for invoice 89201 has cleared. If not, route the settlement via our expedited ACH account today. [Audit Ref: BEC-525]",bec_fraud
"Executive Request: Process Payment Authorization [Case 27]
Please review the attached vendor agreement and authorize the initial deposit payment of $28,500 immediately to reserve the hardware. [Audit Ref: BEC-526]",bec_fraud
"Urgent Wire Instruction: Supplier Contract [Case 28]
Please execute the wire transfer of $62,000 to the overseas supplier before the banking cutoff at 3 PM EST. Keep this transaction confidential. [Audit Ref: BEC-527]",bec_fraud
"Available for a Quick Task? [Case 29]
I am traveling for a partner meeting with limited phone access. Can you handle a quick domestic wire transfer for me this morning? [Audit Ref: BEC-528]",bec_fraud
"Urgent: Revised Account Details for Software Renewal [Case 30]
Please hold off on sending payment to our usual account. Our treasury department has updated the IBAN details for all EUR remittances. [Audit Ref: BEC-529]",bec_fraud
"Target Gift Cards for Employee Wellness Rewards [Case 31]
Hi, can you purchase 10 x $50 Target digital gift cards for the wellness program winners? Send the card numbers and PINs directly to this email. [Audit Ref: BEC-530]",bec_fraud
"Urgent: Escrow Deposit for Commercial Real Estate [Case 32]
The escrow closing deadline is 4 PM today. Wire the earnest money deposit of $75,000 to the title company using the attached wiring instructions. [Audit Ref: BEC-531]",bec_fraud
"Vendor Payment Status: Urgent Inquiry [Case 33]
We have not received payment for invoice INV-44910. Please send the SWIFT MT103 confirmation message as soon as the transfer is released. [Audit Ref: BEC-532]",bec_fraud
"Confidential Partner Retainer Payment [Case 34]
Please process a confidential retainer payment of $15,000 to our strategic advisory firm. Do not discuss this with the broader finance team yet. [Audit Ref: BEC-533]",bec_fraud
"Payroll Account Direct Deposit Form Update [Case 35]
Attached is my voided cheque. Please update my payroll direct deposit to this new account effective the next pay period. [Audit Ref: BEC-534]",bec_fraud
"Urgent Wire Transfer Authorization: Q3 Tax Settlement [Case 36]
Authorize the federal tax withholding transfer of $34,200 to the Treasury account before end of day to avoid penalties. [Audit Ref: BEC-535]",bec_fraud
"Change of Remittance Details - Logistics Services [Case 37]
Effective immediately, all future freight payments should be directed to our new commercial account at Metropolitan Bank. [Audit Ref: BEC-536]",bec_fraud
"Urgent: Steam Gift Cards for Partner Incentive [Case 38]
I need 8 Steam digital wallet codes for our software beta testing rewards. Buy them online and reply with the activation codes. [Audit Ref: BEC-537]",bec_fraud
"Executive Instruction: Expedited Wire Approval [Case 39]
Please approve the outstanding wire transfer of $51,800 to the cloud infrastructure contractor. We cannot afford service interruption. [Audit Ref: BEC-538]",bec_fraud
"Confidential Project Milestone Payment [Case 40]
We reached milestone 3 on Project Titan. Please remit the $40,000 progress payment to the developer agency today. [Audit Ref: BEC-539]",bec_fraud
"Urgent: Confidential Wire Transfer Request for Acquisition [Case 41]
Are you at your desk? We need to finalize a confidential wire transfer of $45,000 for the vendor acquisition today. Send me the routing confirmation. [Audit Ref: BEC-540]",bec_fraud
"Confidential: Immediate Wire Settlement [Case 42]
I am in an executive meeting and cannot take calls. Please process an urgent wire to our new legal counsel right away. Details attached. [Audit Ref: BEC-541]",bec_fraud
"Vendor Banking Detail Update - Pending Invoice [Case 43]
Please note that our bank account details have changed for all upcoming wire payments. Effective immediately, remit to the new account listed below. [Audit Ref: BEC-542]",bec_fraud
"Quick Task: Need Apple Gift Cards for Client Appreciation [Case 44]
I need you to purchase 5 x $100 Apple gift cards for the client presentation this afternoon. Email me the voucher codes as soon as you have them. [Audit Ref: BEC-543]",bec_fraud
"Urgent Payroll Routing Change [Case 45]
I recently switched banks. Please update my direct deposit routing number for the upcoming pay cycle before payroll cuts off today. [Audit Ref: BEC-544]",bec_fraud
"Re: Outstanding Vendor Invoice #89201 [Case 46]
Please confirm if payment for invoice 89201 has cleared. If not, route the settlement via our expedited ACH account today. [Audit Ref: BEC-545]",bec_fraud
"Executive Request: Process Payment Authorization [Case 47]
Please review the attached vendor agreement and authorize the initial deposit payment of $28,500 immediately to reserve the hardware. [Audit Ref: BEC-546]",bec_fraud
"Urgent Wire Instruction: Supplier Contract [Case 48]
Please execute the wire transfer of $62,000 to the overseas supplier before the banking cutoff at 3 PM EST. Keep this transaction confidential. [Audit Ref: BEC-547]",bec_fraud
"Available for a Quick Task? [Case 49]
I am traveling for a partner meeting with limited phone access. Can you handle a quick domestic wire transfer for me this morning? [Audit Ref: BEC-548]",bec_fraud
"Urgent: Revised Account Details for Software Renewal [Case 50]
Please hold off on sending payment to our usual account. Our treasury department has updated the IBAN details for all EUR remittances. [Audit Ref: BEC-549]",bec_fraud
"Target Gift Cards for Employee Wellness Rewards [Case 51]
Hi, can you purchase 10 x $50 Target digital gift cards for the wellness program winners? Send the card numbers and PINs directly to this email. [Audit Ref: BEC-550]",bec_fraud
"Urgent: Escrow Deposit for Commercial Real Estate [Case 52]
The escrow closing deadline is 4 PM today. Wire the earnest money deposit of $75,000 to the title company using the attached wiring instructions. [Audit Ref: BEC-551]",bec_fraud
"Vendor Payment Status: Urgent Inquiry [Case 53]
We have not received payment for invoice INV-44910. Please send the SWIFT MT103 confirmation message as soon as the transfer is released. [Audit Ref: BEC-552]",bec_fraud
"Confidential Partner Retainer Payment [Case 54]
Please process a confidential retainer payment of $15,000 to our strategic advisory firm. Do not discuss this with the broader finance team yet. [Audit Ref: BEC-553]",bec_fraud
"Payroll Account Direct Deposit Form Update [Case 55]
Attached is my voided cheque. Please update my payroll direct deposit to this new account effective the next pay period. [Audit Ref: BEC-554]",bec_fraud
"Urgent Wire Transfer Authorization: Q3 Tax Settlement [Case 56]
Authorize the federal tax withholding transfer of $34,200 to the Treasury account before end of day to avoid penalties. [Audit Ref: BEC-555]",bec_fraud
"Change of Remittance Details - Logistics Services [Case 57]
Effective immediately, all future freight payments should be directed to our new commercial account at Metropolitan Bank. [Audit Ref: BEC-556]",bec_fraud
"Urgent: Steam Gift Cards for Partner Incentive [Case 58]
I need 8 Steam digital wallet codes for our software beta testing rewards. Buy them online and reply with the activation codes. [Audit Ref: BEC-557]",bec_fraud
"Executive Instruction: Expedited Wire Approval [Case 59]
Please approve the outstanding wire transfer of $51,800 to the cloud infrastructure contractor. We cannot afford service interruption. [Audit Ref: BEC-558]",bec_fraud
"Confidential Project Milestone Payment [Case 60]
We reached milestone 3 on Project Titan. Please remit the $40,000 progress payment to the developer agency today. [Audit Ref: BEC-559]",bec_fraud
"Urgent: Confidential Wire Transfer Request for Acquisition [Case 61]
Are you at your desk? We need to finalize a confidential wire transfer of $45,000 for the vendor acquisition today. Send me the routing confirmation. [Audit Ref: BEC-560]",bec_fraud
"Confidential: Immediate Wire Settlement [Case 62]
I am in an executive meeting and cannot take calls. Please process an urgent wire to our new legal counsel right away. Details attached. [Audit Ref: BEC-561]",bec_fraud
"Vendor Banking Detail Update - Pending Invoice [Case 63]
Please note that our bank account details have changed for all upcoming wire payments. Effective immediately, remit to the new account listed below. [Audit Ref: BEC-562]",bec_fraud
"Quick Task: Need Apple Gift Cards for Client Appreciation [Case 64]
I need you to purchase 5 x $100 Apple gift cards for the client presentation this afternoon. Email me the voucher codes as soon as you have them. [Audit Ref: BEC-563]",bec_fraud
"Urgent Payroll Routing Change [Case 65]
I recently switched banks. Please update my direct deposit routing number for the upcoming pay cycle before payroll cuts off today. [Audit Ref: BEC-564]",bec_fraud
"Re: Outstanding Vendor Invoice #89201 [Case 66]
Please confirm if payment for invoice 89201 has cleared. If not, route the settlement via our expedited ACH account today. [Audit Ref: BEC-565]",bec_fraud
"Executive Request: Process Payment Authorization [Case 67]
Please review the attached vendor agreement and authorize the initial deposit payment of $28,500 immediately to reserve the hardware. [Audit Ref: BEC-566]",bec_fraud
"Urgent Wire Instruction: Supplier Contract [Case 68]
Please execute the wire transfer of $62,000 to the overseas supplier before the banking cutoff at 3 PM EST. Keep this transaction confidential. [Audit Ref: BEC-567]",bec_fraud
"Available for a Quick Task? [Case 69]
I am traveling for a partner meeting with limited phone access. Can you handle a quick domestic wire transfer for me this morning? [Audit Ref: BEC-568]",bec_fraud
"Urgent: Revised Account Details for Software Renewal [Case 70]
Please hold off on sending payment to our usual account. Our treasury department has updated the IBAN details for all EUR remittances. [Audit Ref: BEC-569]",bec_fraud
"Target Gift Cards for Employee Wellness Rewards [Case 71]
Hi, can you purchase 10 x $50 Target digital gift cards for the wellness program winners? Send the card numbers and PINs directly to this email. [Audit Ref: BEC-570]",bec_fraud
"Urgent: Escrow Deposit for Commercial Real Estate [Case 72]
The escrow closing deadline is 4 PM today. Wire the earnest money deposit of $75,000 to the title company using the attached wiring instructions. [Audit Ref: BEC-571]",bec_fraud
"Vendor Payment Status: Urgent Inquiry [Case 73]
We have not received payment for invoice INV-44910. Please send the SWIFT MT103 confirmation message as soon as the transfer is released. [Audit Ref: BEC-572]",bec_fraud
"Confidential Partner Retainer Payment [Case 74]
Please process a confidential retainer payment of $15,000 to our strategic advisory firm. Do not discuss this with the broader finance team yet. [Audit Ref: BEC-573]",bec_fraud
"Payroll Account Direct Deposit Form Update [Case 75]
Attached is my voided cheque. Please update my payroll direct deposit to this new account effective the next pay period. [Audit Ref: BEC-574]",bec_fraud
"Urgent Wire Transfer Authorization: Q3 Tax Settlement [Case 76]
Authorize the federal tax withholding transfer of $34,200 to the Treasury account before end of day to avoid penalties. [Audit Ref: BEC-575]",bec_fraud
"Change of Remittance Details - Logistics Services [Case 77]
Effective immediately, all future freight payments should be directed to our new commercial account at Metropolitan Bank. [Audit Ref: BEC-576]",bec_fraud
"Urgent: Steam Gift Cards for Partner Incentive [Case 78]
I need 8 Steam digital wallet codes for our software beta testing rewards. Buy them online and reply with the activation codes. [Audit Ref: BEC-577]",bec_fraud
"Executive Instruction: Expedited Wire Approval [Case 79]
Please approve the outstanding wire transfer of $51,800 to the cloud infrastructure contractor. We cannot afford service interruption. [Audit Ref: BEC-578]",bec_fraud
"Confidential Project Milestone Payment [Case 80]
We reached milestone 3 on Project Titan. Please remit the $40,000 progress payment to the developer agency today. [Audit Ref: BEC-579]",bec_fraud
"Urgent: Confidential Wire Transfer Request for Acquisition [Case 81]
Are you at your desk? We need to finalize a confidential wire transfer of $45,000 for the vendor acquisition today. Send me the routing confirmation. [Audit Ref: BEC-580]",bec_fraud
"Confidential: Immediate Wire Settlement [Case 82]
I am in an executive meeting and cannot take calls. Please process an urgent wire to our new legal counsel right away. Details attached. [Audit Ref: BEC-581]",bec_fraud
"Vendor Banking Detail Update - Pending Invoice [Case 83]
Please note that our bank account details have changed for all upcoming wire payments. Effective immediately, remit to the new account listed below. [Audit Ref: BEC-582]",bec_fraud
"Quick Task: Need Apple Gift Cards for Client Appreciation [Case 84]
I need you to purchase 5 x $100 Apple gift cards for the client presentation this afternoon. Email me the voucher codes as soon as you have them. [Audit Ref: BEC-583]",bec_fraud
"Urgent Payroll Routing Change [Case 85]
I recently switched banks. Please update my direct deposit routing number for the upcoming pay cycle before payroll cuts off today. [Audit Ref: BEC-584]",bec_fraud
"Re: Outstanding Vendor Invoice #89201 [Case 86]
Please confirm if payment for invoice 89201 has cleared. If not, route the settlement via our expedited ACH account today. [Audit Ref: BEC-585]",bec_fraud
"Executive Request: Process Payment Authorization [Case 87]
Please review the attached vendor agreement and authorize the initial deposit payment of $28,500 immediately to reserve the hardware. [Audit Ref: BEC-586]",bec_fraud
"Urgent Wire Instruction: Supplier Contract [Case 88]
Please execute the wire transfer of $62,000 to the overseas supplier before the banking cutoff at 3 PM EST. Keep this transaction confidential. [Audit Ref: BEC-587]",bec_fraud
"Available for a Quick Task? [Case 89]
I am traveling for a partner meeting with limited phone access. Can you handle a quick domestic wire transfer for me this morning? [Audit Ref: BEC-588]",bec_fraud
"Urgent: Revised Account Details for Software Renewal [Case 90]
Please hold off on sending payment to our usual account. Our treasury department has updated the IBAN details for all EUR remittances. [Audit Ref: BEC-589]",bec_fraud
"Target Gift Cards for Employee Wellness Rewards [Case 91]
Hi, can you purchase 10 x $50 Target digital gift cards for the wellness program winners? Send the card numbers and PINs directly to this email. [Audit Ref: BEC-590]",bec_fraud
"Urgent: Escrow Deposit for Commercial Real Estate [Case 92]
The escrow closing deadline is 4 PM today. Wire the earnest money deposit of $75,000 to the title company using the attached wiring instructions. [Audit Ref: BEC-591]",bec_fraud
"Vendor Payment Status: Urgent Inquiry [Case 93]
We have not received payment for invoice INV-44910. Please send the SWIFT MT103 confirmation message as soon as the transfer is released. [Audit Ref: BEC-592]",bec_fraud
"Confidential Partner Retainer Payment [Case 94]
Please process a confidential retainer payment of $15,000 to our strategic advisory firm. Do not discuss this with the broader finance team yet. [Audit Ref: BEC-593]",bec_fraud
"Payroll Account Direct Deposit Form Update [Case 95]
Attached is my voided cheque. Please update my payroll direct deposit to this new account effective the next pay period. [Audit Ref: BEC-594]",bec_fraud
"Urgent Wire Transfer Authorization: Q3 Tax Settlement [Case 96]
Authorize the federal tax withholding transfer of $34,200 to the Treasury account before end of day to avoid penalties. [Audit Ref: BEC-595]",bec_fraud
"Change of Remittance Details - Logistics Services [Case 97]
Effective immediately, all future freight payments should be directed to our new commercial account at Metropolitan Bank. [Audit Ref: BEC-596]",bec_fraud
"Urgent: Steam Gift Cards for Partner Incentive [Case 98]
I need 8 Steam digital wallet codes for our software beta testing rewards. Buy them online and reply with the activation codes. [Audit Ref: BEC-597]",bec_fraud
"Executive Instruction: Expedited Wire Approval [Case 99]
Please approve the outstanding wire transfer of $51,800 to the cloud infrastructure contractor. We cannot afford service interruption. [Audit Ref: BEC-598]",bec_fraud
"Confidential Project Milestone Payment [Case 100]
We reached milestone 3 on Project Titan. Please remit the $40,000 progress payment to the developer agency today. [Audit Ref: BEC-599]",bec_fraud
"Scanned Document from MultiFunction Printer
Please find attached the scanned copy of your signed contract. Open the attached ZIP archive and run the executable viewer to inspect. [Hash Ref: MAL-300]",malware_carrier
"Overdue Shipping Notice - Tracking #US891023
Your package delivery failed. Please extract the shipping manifest macro-enabled document (Invoice_Label.docm) in the attachment to reschedule. [Hash Ref: MAL-301]",malware_carrier
"Payment Receipt & Remittance Advice
Attached is the payment remittance advice. Please open the macro-enabled spreadsheet Receipt_Report.xlsm to verify your transaction line items. [Hash Ref: MAL-302]",malware_carrier
"Legal Notice: Subpoena & Cease and Desist
A formal legal notice has been filed against your organization. Review the attached password-protected archive (Notice.zip) using password '1234'. [Hash Ref: MAL-303]",malware_carrier
"Resume / CV Submission for Senior Role
Dear Hiring Manager, please find my updated CV and portfolio in the attached archive Resume_2026.iso. [Hash Ref: MAL-304]",malware_carrier
"Urgent RFQ Document - Specification Update
Please find our updated Request for Quotation specifications in the attached RAR archive RFQ_Spec_v2.rar. Provide pricing by Friday. [Hash Ref: MAL-305]",malware_carrier
"Air Waybill & Customs Clearance Document
Your shipment is held in customs. Open the attached PDF container (AWB_Customs.vbs) to print the release permit. [Hash Ref: MAL-306]",malware_carrier
"Bank Transaction Confirmation Slip
Attached is the swift copy of the transfer. Extract the swift report (Swift_Advice.js) to confirm clearance. [Hash Ref: MAL-307]",malware_carrier
"Purchase Order #PO-99182 Updated Specifications
Please inspect the attached macro spreadsheet (Order_Spec.xlsb) to see modified quantities and delivery schedule. [Hash Ref: MAL-308]",malware_carrier
"Confidential Contract Agreement - Final Version
Attached is the password-encrypted archive (Contract_Signed.7z). The password to extract is 'Company2026!'. [Hash Ref: MAL-309]",malware_carrier
"Urgent Security Update Package
Apply the critical security fix attached as hotfix_patch.exe to remediate the vulnerability on your local workstation. [Hash Ref: MAL-310]",malware_carrier
"Court Summons Notice: Case #CR-2026-8819
You are summoned to appear as a witness. Review the official court document inside Summons_Notice.iso immediately. [Hash Ref: MAL-311]",malware_carrier
"DHL Express Delivery Manifest
Your delivery documents are archived in Shipping_Doc.zip. Run the extracted payload to print shipping labels. [Hash Ref: MAL-312]",malware_carrier
"Urgent IT Hardware Audit Script
All remote employees must execute the attached PowerShell script (Audit_Host.ps1) to complete the annual inventory verification. [Hash Ref: MAL-313]",malware_carrier
"Vendor Tax Exemption Certificate
Attached is our state tax certificate in archive Tax_Cert.rar. Open the enclosed script to decrypt the certificate. [Hash Ref: MAL-314]",malware_carrier
"Employee Bonus Calculation Spreadsheet
Review your Q3 bonus breakdown in the attached macro workbook (Bonus_Matrix.xlsm). Enable macros when prompted. [Hash Ref: MAL-315]",malware_carrier
"Scanned Document from MultiFunction Printer (File #17)
Please find attached the scanned copy of your signed contract. Open the attached ZIP archive and run the executable viewer to inspect. [Hash Ref: MAL-316]",malware_carrier
"Overdue Shipping Notice - Tracking #US891023 (File #18)
Your package delivery failed. Please extract the shipping manifest macro-enabled document (Invoice_Label.docm) in the attachment to reschedule. [Hash Ref: MAL-317]",malware_carrier
"Payment Receipt & Remittance Advice (File #19)
Attached is the payment remittance advice. Please open the macro-enabled spreadsheet Receipt_Report.xlsm to verify your transaction line items. [Hash Ref: MAL-318]",malware_carrier
"Legal Notice: Subpoena & Cease and Desist (File #20)
A formal legal notice has been filed against your organization. Review the attached password-protected archive (Notice.zip) using password '1234'. [Hash Ref: MAL-319]",malware_carrier
"Resume / CV Submission for Senior Role (File #21)
Dear Hiring Manager, please find my updated CV and portfolio in the attached archive Resume_2026.iso. [Hash Ref: MAL-320]",malware_carrier
"Urgent RFQ Document - Specification Update (File #22)
Please find our updated Request for Quotation specifications in the attached RAR archive RFQ_Spec_v2.rar. Provide pricing by Friday. [Hash Ref: MAL-321]",malware_carrier
"Air Waybill & Customs Clearance Document (File #23)
Your shipment is held in customs. Open the attached PDF container (AWB_Customs.vbs) to print the release permit. [Hash Ref: MAL-322]",malware_carrier
"Bank Transaction Confirmation Slip (File #24)
Attached is the swift copy of the transfer. Extract the swift report (Swift_Advice.js) to confirm clearance. [Hash Ref: MAL-323]",malware_carrier
"Purchase Order #PO-99182 Updated Specifications (File #25)
Please inspect the attached macro spreadsheet (Order_Spec.xlsb) to see modified quantities and delivery schedule. [Hash Ref: MAL-324]",malware_carrier
"Confidential Contract Agreement - Final Version (File #26)
Attached is the password-encrypted archive (Contract_Signed.7z). The password to extract is 'Company2026!'. [Hash Ref: MAL-325]",malware_carrier
"Urgent Security Update Package (File #27)
Apply the critical security fix attached as hotfix_patch.exe to remediate the vulnerability on your local workstation. [Hash Ref: MAL-326]",malware_carrier
"Court Summons Notice: Case #CR-2026-8819 (File #28)
You are summoned to appear as a witness. Review the official court document inside Summons_Notice.iso immediately. [Hash Ref: MAL-327]",malware_carrier
"DHL Express Delivery Manifest (File #29)
Your delivery documents are archived in Shipping_Doc.zip. Run the extracted payload to print shipping labels. [Hash Ref: MAL-328]",malware_carrier
"Urgent IT Hardware Audit Script (File #30)
All remote employees must execute the attached PowerShell script (Audit_Host.ps1) to complete the annual inventory verification. [Hash Ref: MAL-329]",malware_carrier
"Vendor Tax Exemption Certificate (File #31)
Attached is our state tax certificate in archive Tax_Cert.rar. Open the enclosed script to decrypt the certificate. [Hash Ref: MAL-330]",malware_carrier
"Employee Bonus Calculation Spreadsheet (File #32)
Review your Q3 bonus breakdown in the attached macro workbook (Bonus_Matrix.xlsm). Enable macros when prompted. [Hash Ref: MAL-331]",malware_carrier
"Scanned Document from MultiFunction Printer (File #33)
Please find attached the scanned copy of your signed contract. Open the attached ZIP archive and run the executable viewer to inspect. [Hash Ref: MAL-332]",malware_carrier
"Overdue Shipping Notice - Tracking #US891023 (File #34)
Your package delivery failed. Please extract the shipping manifest macro-enabled document (Invoice_Label.docm) in the attachment to reschedule. [Hash Ref: MAL-333]",malware_carrier
"Payment Receipt & Remittance Advice (File #35)
Attached is the payment remittance advice. Please open the macro-enabled spreadsheet Receipt_Report.xlsm to verify your transaction line items. [Hash Ref: MAL-334]",malware_carrier
"Legal Notice: Subpoena & Cease and Desist (File #36)
A formal legal notice has been filed against your organization. Review the attached password-protected archive (Notice.zip) using password '1234'. [Hash Ref: MAL-335]",malware_carrier
"Resume / CV Submission for Senior Role (File #37)
Dear Hiring Manager, please find my updated CV and portfolio in the attached archive Resume_2026.iso. [Hash Ref: MAL-336]",malware_carrier
"Urgent RFQ Document - Specification Update (File #38)
Please find our updated Request for Quotation specifications in the attached RAR archive RFQ_Spec_v2.rar. Provide pricing by Friday. [Hash Ref: MAL-337]",malware_carrier
"Air Waybill & Customs Clearance Document (File #39)
Your shipment is held in customs. Open the attached PDF container (AWB_Customs.vbs) to print the release permit. [Hash Ref: MAL-338]",malware_carrier
"Bank Transaction Confirmation Slip (File #40)
Attached is the swift copy of the transfer. Extract the swift report (Swift_Advice.js) to confirm clearance. [Hash Ref: MAL-339]",malware_carrier
"Purchase Order #PO-99182 Updated Specifications (File #41)
Please inspect the attached macro spreadsheet (Order_Spec.xlsb) to see modified quantities and delivery schedule. [Hash Ref: MAL-340]",malware_carrier
"Confidential Contract Agreement - Final Version (File #42)
Attached is the password-encrypted archive (Contract_Signed.7z). The password to extract is 'Company2026!'. [Hash Ref: MAL-341]",malware_carrier
"Urgent Security Update Package (File #43)
Apply the critical security fix attached as hotfix_patch.exe to remediate the vulnerability on your local workstation. [Hash Ref: MAL-342]",malware_carrier
"Court Summons Notice: Case #CR-2026-8819 (File #44)
You are summoned to appear as a witness. Review the official court document inside Summons_Notice.iso immediately. [Hash Ref: MAL-343]",malware_carrier
"DHL Express Delivery Manifest (File #45)
Your delivery documents are archived in Shipping_Doc.zip. Run the extracted payload to print shipping labels. [Hash Ref: MAL-344]",malware_carrier
"Urgent IT Hardware Audit Script (File #46)
All remote employees must execute the attached PowerShell script (Audit_Host.ps1) to complete the annual inventory verification. [Hash Ref: MAL-345]",malware_carrier
"Vendor Tax Exemption Certificate (File #47)
Attached is our state tax certificate in archive Tax_Cert.rar. Open the enclosed script to decrypt the certificate. [Hash Ref: MAL-346]",malware_carrier
"Employee Bonus Calculation Spreadsheet (File #48)
Review your Q3 bonus breakdown in the attached macro workbook (Bonus_Matrix.xlsm). Enable macros when prompted. [Hash Ref: MAL-347]",malware_carrier
"Scanned Document from MultiFunction Printer (File #49)
Please find attached the scanned copy of your signed contract. Open the attached ZIP archive and run the executable viewer to inspect. [Hash Ref: MAL-348]",malware_carrier
"Overdue Shipping Notice - Tracking #US891023 (File #50)
Your package delivery failed. Please extract the shipping manifest macro-enabled document (Invoice_Label.docm) in the attachment to reschedule. [Hash Ref: MAL-349]",malware_carrier
"Payment Receipt & Remittance Advice (File #51)
Attached is the payment remittance advice. Please open the macro-enabled spreadsheet Receipt_Report.xlsm to verify your transaction line items. [Hash Ref: MAL-350]",malware_carrier
"Legal Notice: Subpoena & Cease and Desist (File #52)
A formal legal notice has been filed against your organization. Review the attached password-protected archive (Notice.zip) using password '1234'. [Hash Ref: MAL-351]",malware_carrier
"Resume / CV Submission for Senior Role (File #53)
Dear Hiring Manager, please find my updated CV and portfolio in the attached archive Resume_2026.iso. [Hash Ref: MAL-352]",malware_carrier
"Urgent RFQ Document - Specification Update (File #54)
Please find our updated Request for Quotation specifications in the attached RAR archive RFQ_Spec_v2.rar. Provide pricing by Friday. [Hash Ref: MAL-353]",malware_carrier
"Air Waybill & Customs Clearance Document (File #55)
Your shipment is held in customs. Open the attached PDF container (AWB_Customs.vbs) to print the release permit. [Hash Ref: MAL-354]",malware_carrier
"Bank Transaction Confirmation Slip (File #56)
Attached is the swift copy of the transfer. Extract the swift report (Swift_Advice.js) to confirm clearance. [Hash Ref: MAL-355]",malware_carrier
"Purchase Order #PO-99182 Updated Specifications (File #57)
Please inspect the attached macro spreadsheet (Order_Spec.xlsb) to see modified quantities and delivery schedule. [Hash Ref: MAL-356]",malware_carrier
"Confidential Contract Agreement - Final Version (File #58)
Attached is the password-encrypted archive (Contract_Signed.7z). The password to extract is 'Company2026!'. [Hash Ref: MAL-357]",malware_carrier
"Urgent Security Update Package (File #59)
Apply the critical security fix attached as hotfix_patch.exe to remediate the vulnerability on your local workstation. [Hash Ref: MAL-358]",malware_carrier
"Court Summons Notice: Case #CR-2026-8819 (File #60)
You are summoned to appear as a witness. Review the official court document inside Summons_Notice.iso immediately. [Hash Ref: MAL-359]",malware_carrier
"DHL Express Delivery Manifest (File #61)
Your delivery documents are archived in Shipping_Doc.zip. Run the extracted payload to print shipping labels. [Hash Ref: MAL-360]",malware_carrier
"Urgent IT Hardware Audit Script (File #62)
All remote employees must execute the attached PowerShell script (Audit_Host.ps1) to complete the annual inventory verification. [Hash Ref: MAL-361]",malware_carrier
"Vendor Tax Exemption Certificate (File #63)
Attached is our state tax certificate in archive Tax_Cert.rar. Open the enclosed script to decrypt the certificate. [Hash Ref: MAL-362]",malware_carrier
"Employee Bonus Calculation Spreadsheet (File #64)
Review your Q3 bonus breakdown in the attached macro workbook (Bonus_Matrix.xlsm). Enable macros when prompted. [Hash Ref: MAL-363]",malware_carrier
"Scanned Document from MultiFunction Printer (File #65)
Please find attached the scanned copy of your signed contract. Open the attached ZIP archive and run the executable viewer to inspect. [Hash Ref: MAL-364]",malware_carrier
"Overdue Shipping Notice - Tracking #US891023 (File #66)
Your package delivery failed. Please extract the shipping manifest macro-enabled document (Invoice_Label.docm) in the attachment to reschedule. [Hash Ref: MAL-365]",malware_carrier
"Payment Receipt & Remittance Advice (File #67)
Attached is the payment remittance advice. Please open the macro-enabled spreadsheet Receipt_Report.xlsm to verify your transaction line items. [Hash Ref: MAL-366]",malware_carrier
"Legal Notice: Subpoena & Cease and Desist (File #68)
A formal legal notice has been filed against your organization. Review the attached password-protected archive (Notice.zip) using password '1234'. [Hash Ref: MAL-367]",malware_carrier
"Resume / CV Submission for Senior Role (File #69)
Dear Hiring Manager, please find my updated CV and portfolio in the attached archive Resume_2026.iso. [Hash Ref: MAL-368]",malware_carrier
"Urgent RFQ Document - Specification Update (File #70)
Please find our updated Request for Quotation specifications in the attached RAR archive RFQ_Spec_v2.rar. Provide pricing by Friday. [Hash Ref: MAL-369]",malware_carrier
"Air Waybill & Customs Clearance Document (File #71)
Your shipment is held in customs. Open the attached PDF container (AWB_Customs.vbs) to print the release permit. [Hash Ref: MAL-370]",malware_carrier
"Bank Transaction Confirmation Slip (File #72)
Attached is the swift copy of the transfer. Extract the swift report (Swift_Advice.js) to confirm clearance. [Hash Ref: MAL-371]",malware_carrier
"Purchase Order #PO-99182 Updated Specifications (File #73)
Please inspect the attached macro spreadsheet (Order_Spec.xlsb) to see modified quantities and delivery schedule. [Hash Ref: MAL-372]",malware_carrier
"Confidential Contract Agreement - Final Version (File #74)
Attached is the password-encrypted archive (Contract_Signed.7z). The password to extract is 'Company2026!'. [Hash Ref: MAL-373]",malware_carrier
"Urgent Security Update Package (File #75)
Apply the critical security fix attached as hotfix_patch.exe to remediate the vulnerability on your local workstation. [Hash Ref: MAL-374]",malware_carrier
"Court Summons Notice: Case #CR-2026-8819 (File #76)
You are summoned to appear as a witness. Review the official court document inside Summons_Notice.iso immediately. [Hash Ref: MAL-375]",malware_carrier
"DHL Express Delivery Manifest (File #77)
Your delivery documents are archived in Shipping_Doc.zip. Run the extracted payload to print shipping labels. [Hash Ref: MAL-376]",malware_carrier
"Urgent IT Hardware Audit Script (File #78)
All remote employees must execute the attached PowerShell script (Audit_Host.ps1) to complete the annual inventory verification. [Hash Ref: MAL-377]",malware_carrier
"Vendor Tax Exemption Certificate (File #79)
Attached is our state tax certificate in archive Tax_Cert.rar. Open the enclosed script to decrypt the certificate. [Hash Ref: MAL-378]",malware_carrier
"Employee Bonus Calculation Spreadsheet (File #80)
Review your Q3 bonus breakdown in the attached macro workbook (Bonus_Matrix.xlsm). Enable macros when prompted. [Hash Ref: MAL-379]",malware_carrier
"Message from the Office of the Vice Chancellor
Dear University Community, I am writing to announce an emergency executive directive regarding faculty appointments effective this quarter. [Institutional Archive #100]",impersonation
"Executive Notice from Director of Operations
All staff are requested to adhere to the revised institutional travel and expense reimbursement guidelines detailed herein. [Institutional Archive #101]",impersonation
"Message from Chief Executive Officer
Team, I want to personally congratulate you on our quarterly performance. Please review the strategy brief outlined below. [Institutional Archive #102]",impersonation
"Urgent Request from Chief Information Security Officer
Please ensure your multi-factor authentication tokens are verified in compliance with the university cyber defense policy. [Institutional Archive #103]",impersonation
"Dean's Office: Mandatory Academic Council Meeting
All department chairs and tenured faculty are required to attend the special council assembly this Thursday at 2 PM. [Institutional Archive #104]",impersonation
"Internal Advisory: Institutional Policy Update
From the desk of the Registrar: Please find the updated academic calendar and grading deadlines for the current semester. [Institutional Archive #105]",impersonation
"President's Office: Emergency Campus Announcement
Please be advised of the campus operations update regarding weather contingencies and safety protocols. [Institutional Archive #106]",impersonation
"Provost Office: Faculty Research Grant Allocations
Dear Department Heads, the provost office has finalized the annual research grant recipients. Guidelines for fund disbursement follow. [Institutional Archive #107]",impersonation
"Message from Head of Human Resources
Please review the updated employee code of conduct and remote work policy effective starting next month. [Institutional Archive #108]",impersonation
"Office of General Counsel: Mandatory Compliance Training
All managers must complete the annual anti-harassment and data privacy training modules before the end of the quarter. [Institutional Archive #109]",impersonation
"Chief Financial Officer: Budget Planning Guidelines
Department heads must submit their FY2027 operational budget forecasts according to the attached institutional templates. [Institutional Archive #110]",impersonation
"Director of Admissions: Fall Enrollment Statistics
Dear Faculty, here is the official briefing on undergraduate and postgraduate enrollment metrics for the incoming class. [Institutional Archive #111]",impersonation
"Chief Medical Officer: Campus Health & Safety Advisory
Please follow the updated seasonal illness prevention protocols and report any medical absences to campus health services. [Institutional Archive #112]",impersonation
"Office of Student Affairs: Annual Cultural Festival
The student council cordially invites all faculty and administrative staff to the opening ceremony of the annual cultural festival. [Institutional Archive #113]",impersonation
"Message from the Office of the Vice Chancellor - Bulletin #15
Dear University Community, I am writing to announce an emergency executive directive regarding faculty appointments effective this quarter. [Institutional Archive #114]",impersonation
"Executive Notice from Director of Operations - Bulletin #16
All staff are requested to adhere to the revised institutional travel and expense reimbursement guidelines detailed herein. [Institutional Archive #115]",impersonation
"Message from Chief Executive Officer - Bulletin #17
Team, I want to personally congratulate you on our quarterly performance. Please review the strategy brief outlined below. [Institutional Archive #116]",impersonation
"Urgent Request from Chief Information Security Officer - Bulletin #18
Please ensure your multi-factor authentication tokens are verified in compliance with the university cyber defense policy. [Institutional Archive #117]",impersonation
"Dean's Office: Mandatory Academic Council Meeting - Bulletin #19
All department chairs and tenured faculty are required to attend the special council assembly this Thursday at 2 PM. [Institutional Archive #118]",impersonation
"Internal Advisory: Institutional Policy Update - Bulletin #20
From the desk of the Registrar: Please find the updated academic calendar and grading deadlines for the current semester. [Institutional Archive #119]",impersonation
"President's Office: Emergency Campus Announcement - Bulletin #21
Please be advised of the campus operations update regarding weather contingencies and safety protocols. [Institutional Archive #120]",impersonation
"Provost Office: Faculty Research Grant Allocations - Bulletin #22
Dear Department Heads, the provost office has finalized the annual research grant recipients. Guidelines for fund disbursement follow. [Institutional Archive #121]",impersonation
"Message from Head of Human Resources - Bulletin #23
Please review the updated employee code of conduct and remote work policy effective starting next month. [Institutional Archive #122]",impersonation
"Office of General Counsel: Mandatory Compliance Training - Bulletin #24
All managers must complete the annual anti-harassment and data privacy training modules before the end of the quarter. [Institutional Archive #123]",impersonation
"Chief Financial Officer: Budget Planning Guidelines - Bulletin #25
Department heads must submit their FY2027 operational budget forecasts according to the attached institutional templates. [Institutional Archive #124]",impersonation
"Director of Admissions: Fall Enrollment Statistics - Bulletin #26
Dear Faculty, here is the official briefing on undergraduate and postgraduate enrollment metrics for the incoming class. [Institutional Archive #125]",impersonation
"Chief Medical Officer: Campus Health & Safety Advisory - Bulletin #27
Please follow the updated seasonal illness prevention protocols and report any medical absences to campus health services. [Institutional Archive #126]",impersonation
"Office of Student Affairs: Annual Cultural Festival - Bulletin #28
The student council cordially invites all faculty and administrative staff to the opening ceremony of the annual cultural festival. [Institutional Archive #127]",impersonation
"Message from the Office of the Vice Chancellor - Bulletin #29
Dear University Community, I am writing to announce an emergency executive directive regarding faculty appointments effective this quarter. [Institutional Archive #128]",impersonation
"Executive Notice from Director of Operations - Bulletin #30
All staff are requested to adhere to the revised institutional travel and expense reimbursement guidelines detailed herein. [Institutional Archive #129]",impersonation
"Message from Chief Executive Officer - Bulletin #31
Team, I want to personally congratulate you on our quarterly performance. Please review the strategy brief outlined below. [Institutional Archive #130]",impersonation
"Urgent Request from Chief Information Security Officer - Bulletin #32
Please ensure your multi-factor authentication tokens are verified in compliance with the university cyber defense policy. [Institutional Archive #131]",impersonation
"Dean's Office: Mandatory Academic Council Meeting - Bulletin #33
All department chairs and tenured faculty are required to attend the special council assembly this Thursday at 2 PM. [Institutional Archive #132]",impersonation
"Internal Advisory: Institutional Policy Update - Bulletin #34
From the desk of the Registrar: Please find the updated academic calendar and grading deadlines for the current semester. [Institutional Archive #133]",impersonation
"President's Office: Emergency Campus Announcement - Bulletin #35
Please be advised of the campus operations update regarding weather contingencies and safety protocols. [Institutional Archive #134]",impersonation
"Provost Office: Faculty Research Grant Allocations - Bulletin #36
Dear Department Heads, the provost office has finalized the annual research grant recipients. Guidelines for fund disbursement follow. [Institutional Archive #135]",impersonation
"Message from Head of Human Resources - Bulletin #37
Please review the updated employee code of conduct and remote work policy effective starting next month. [Institutional Archive #136]",impersonation
"Office of General Counsel: Mandatory Compliance Training - Bulletin #38
All managers must complete the annual anti-harassment and data privacy training modules before the end of the quarter. [Institutional Archive #137]",impersonation
"Chief Financial Officer: Budget Planning Guidelines - Bulletin #39
Department heads must submit their FY2027 operational budget forecasts according to the attached institutional templates. [Institutional Archive #138]",impersonation
"Director of Admissions: Fall Enrollment Statistics - Bulletin #40
Dear Faculty, here is the official briefing on undergraduate and postgraduate enrollment metrics for the incoming class. [Institutional Archive #139]",impersonation
"Chief Medical Officer: Campus Health & Safety Advisory - Bulletin #41
Please follow the updated seasonal illness prevention protocols and report any medical absences to campus health services. [Institutional Archive #140]",impersonation
"Office of Student Affairs: Annual Cultural Festival - Bulletin #42
The student council cordially invites all faculty and administrative staff to the opening ceremony of the annual cultural festival. [Institutional Archive #141]",impersonation
"Message from the Office of the Vice Chancellor - Bulletin #43
Dear University Community, I am writing to announce an emergency executive directive regarding faculty appointments effective this quarter. [Institutional Archive #142]",impersonation
"Executive Notice from Director of Operations - Bulletin #44
All staff are requested to adhere to the revised institutional travel and expense reimbursement guidelines detailed herein. [Institutional Archive #143]",impersonation
"Message from Chief Executive Officer - Bulletin #45
Team, I want to personally congratulate you on our quarterly performance. Please review the strategy brief outlined below. [Institutional Archive #144]",impersonation
"Urgent Request from Chief Information Security Officer - Bulletin #46
Please ensure your multi-factor authentication tokens are verified in compliance with the university cyber defense policy. [Institutional Archive #145]",impersonation
"Dean's Office: Mandatory Academic Council Meeting - Bulletin #47
All department chairs and tenured faculty are required to attend the special council assembly this Thursday at 2 PM. [Institutional Archive #146]",impersonation
"Internal Advisory: Institutional Policy Update - Bulletin #48
From the desk of the Registrar: Please find the updated academic calendar and grading deadlines for the current semester. [Institutional Archive #147]",impersonation
"President's Office: Emergency Campus Announcement - Bulletin #49
Please be advised of the campus operations update regarding weather contingencies and safety protocols. [Institutional Archive #148]",impersonation
"Provost Office: Faculty Research Grant Allocations - Bulletin #50
Dear Department Heads, the provost office has finalized the annual research grant recipients. Guidelines for fund disbursement follow. [Institutional Archive #149]",impersonation
"Message from Head of Human Resources - Bulletin #51
Please review the updated employee code of conduct and remote work policy effective starting next month. [Institutional Archive #150]",impersonation
"Office of General Counsel: Mandatory Compliance Training - Bulletin #52
All managers must complete the annual anti-harassment and data privacy training modules before the end of the quarter. [Institutional Archive #151]",impersonation
"Chief Financial Officer: Budget Planning Guidelines - Bulletin #53
Department heads must submit their FY2027 operational budget forecasts according to the attached institutional templates. [Institutional Archive #152]",impersonation
"Director of Admissions: Fall Enrollment Statistics - Bulletin #54
Dear Faculty, here is the official briefing on undergraduate and postgraduate enrollment metrics for the incoming class. [Institutional Archive #153]",impersonation
"Chief Medical Officer: Campus Health & Safety Advisory - Bulletin #55
Please follow the updated seasonal illness prevention protocols and report any medical absences to campus health services. [Institutional Archive #154]",impersonation
"Office of Student Affairs: Annual Cultural Festival - Bulletin #56
The student council cordially invites all faculty and administrative staff to the opening ceremony of the annual cultural festival. [Institutional Archive #155]",impersonation
"Message from the Office of the Vice Chancellor - Bulletin #57
Dear University Community, I am writing to announce an emergency executive directive regarding faculty appointments effective this quarter. [Institutional Archive #156]",impersonation
"Executive Notice from Director of Operations - Bulletin #58
All staff are requested to adhere to the revised institutional travel and expense reimbursement guidelines detailed herein. [Institutional Archive #157]",impersonation
"Message from Chief Executive Officer - Bulletin #59
Team, I want to personally congratulate you on our quarterly performance. Please review the strategy brief outlined below. [Institutional Archive #158]",impersonation
"Urgent Request from Chief Information Security Officer - Bulletin #60
Please ensure your multi-factor authentication tokens are verified in compliance with the university cyber defense policy. [Institutional Archive #159]",impersonation
"Dean's Office: Mandatory Academic Council Meeting - Bulletin #61
All department chairs and tenured faculty are required to attend the special council assembly this Thursday at 2 PM. [Institutional Archive #160]",impersonation
"Internal Advisory: Institutional Policy Update - Bulletin #62
From the desk of the Registrar: Please find the updated academic calendar and grading deadlines for the current semester. [Institutional Archive #161]",impersonation
"President's Office: Emergency Campus Announcement - Bulletin #63
Please be advised of the campus operations update regarding weather contingencies and safety protocols. [Institutional Archive #162]",impersonation
"Provost Office: Faculty Research Grant Allocations - Bulletin #64
Dear Department Heads, the provost office has finalized the annual research grant recipients. Guidelines for fund disbursement follow. [Institutional Archive #163]",impersonation
"Message from Head of Human Resources - Bulletin #65
Please review the updated employee code of conduct and remote work policy effective starting next month. [Institutional Archive #164]",impersonation
"Office of General Counsel: Mandatory Compliance Training - Bulletin #66
All managers must complete the annual anti-harassment and data privacy training modules before the end of the quarter. [Institutional Archive #165]",impersonation
"Chief Financial Officer: Budget Planning Guidelines - Bulletin #67
Department heads must submit their FY2027 operational budget forecasts according to the attached institutional templates. [Institutional Archive #166]",impersonation
"Director of Admissions: Fall Enrollment Statistics - Bulletin #68
Dear Faculty, here is the official briefing on undergraduate and postgraduate enrollment metrics for the incoming class. [Institutional Archive #167]",impersonation
"Chief Medical Officer: Campus Health & Safety Advisory - Bulletin #69
Please follow the updated seasonal illness prevention protocols and report any medical absences to campus health services. [Institutional Archive #168]",impersonation
"Office of Student Affairs: Annual Cultural Festival - Bulletin #70
The student council cordially invites all faculty and administrative staff to the opening ceremony of the annual cultural festival. [Institutional Archive #169]",impersonation
"Exclusive 70% Discount on Enterprise Cloud Subscriptions
Limited time offer! Upgrade your team's cloud storage and compute capacity today with our special promotional pricing. [Unsubscribe Preferences ID: SPAM-7000]",spam
"Grow Your B2B Sales Pipeline with Verified Leads
Get instant access to over 500,000 verified executive email contacts and phone numbers. Schedule a demo today. [Unsubscribe Preferences ID: SPAM-7001]",spam
"Special Invitation: International AI & Cyber Summit 2026
Join 5,000+ industry leaders at the upcoming global technology expo. Register now for your complimentary pass. [Unsubscribe Preferences ID: SPAM-7002]",spam
"Boost Your Website Ranking on Google with SEO Services
We guarantee first-page ranking for your institutional website within 90 days. Click here for a free audit report. [Unsubscribe Preferences ID: SPAM-7003]",spam
"Best Rates on Commercial Business Loans and Working Capital
Secure fast working capital financing for your business with zero upfront fees. Apply online in under 5 minutes. [Unsubscribe Preferences ID: SPAM-7004]",spam
"Bulk SMS and WhatsApp Marketing Platform for Universities
Engage prospective students with automated SMS campaigns. Sign up for 10,000 free promotional credits. [Unsubscribe Preferences ID: SPAM-7005]",spam
"Wholesale Office Furniture & Ergonomic Chairs Clearance
Upgrade your office workstations with premium mesh chairs at 50% discount. Bulk orders receive free shipping. [Unsubscribe Preferences ID: SPAM-7006]",spam
"Custom Corporate Merchandise & Branded Gifts
Order customized t-shirts, mugs, and backpacks with your company logo for the upcoming annual conference. [Unsubscribe Preferences ID: SPAM-7007]",spam
"Commercial Energy Audit - Reduce Electricity Bills by 30%
Schedule a free commercial energy assessment for your campus facilities and discover energy efficiency rebates. [Unsubscribe Preferences ID: SPAM-7008]",spam
"ISO Certification Consulting - Guaranteed Accreditation
Achieve ISO 27001 and ISO 9001 certification with our fast-track compliance consulting services. [Unsubscribe Preferences ID: SPAM-7009]",spam
"Exclusive 70% Discount on Enterprise Cloud Subscriptions (Offer #11)
Limited time offer! Upgrade your team's cloud storage and compute capacity today with our special promotional pricing. [Unsubscribe Preferences ID: SPAM-7010]",spam
"Grow Your B2B Sales Pipeline with Verified Leads (Offer #12)
Get instant access to over 500,000 verified executive email contacts and phone numbers. Schedule a demo today. [Unsubscribe Preferences ID: SPAM-7011]",spam
"Special Invitation: International AI & Cyber Summit 2026 (Offer #13)
Join 5,000+ industry leaders at the upcoming global technology expo. Register now for your complimentary pass. [Unsubscribe Preferences ID: SPAM-7012]",spam
"Boost Your Website Ranking on Google with SEO Services (Offer #14)
We guarantee first-page ranking for your institutional website within 90 days. Click here for a free audit report. [Unsubscribe Preferences ID: SPAM-7013]",spam
"Best Rates on Commercial Business Loans and Working Capital (Offer #15)
Secure fast working capital financing for your business with zero upfront fees. Apply online in under 5 minutes. [Unsubscribe Preferences ID: SPAM-7014]",spam
"Bulk SMS and WhatsApp Marketing Platform for Universities (Offer #16)
Engage prospective students with automated SMS campaigns. Sign up for 10,000 free promotional credits. [Unsubscribe Preferences ID: SPAM-7015]",spam
"Wholesale Office Furniture & Ergonomic Chairs Clearance (Offer #17)
Upgrade your office workstations with premium mesh chairs at 50% discount. Bulk orders receive free shipping. [Unsubscribe Preferences ID: SPAM-7016]",spam
"Custom Corporate Merchandise & Branded Gifts (Offer #18)
Order customized t-shirts, mugs, and backpacks with your company logo for the upcoming annual conference. [Unsubscribe Preferences ID: SPAM-7017]",spam
"Commercial Energy Audit - Reduce Electricity Bills by 30% (Offer #19)
Schedule a free commercial energy assessment for your campus facilities and discover energy efficiency rebates. [Unsubscribe Preferences ID: SPAM-7018]",spam
"ISO Certification Consulting - Guaranteed Accreditation (Offer #20)
Achieve ISO 27001 and ISO 9001 certification with our fast-track compliance consulting services. [Unsubscribe Preferences ID: SPAM-7019]",spam
"Exclusive 70% Discount on Enterprise Cloud Subscriptions (Offer #21)
Limited time offer! Upgrade your team's cloud storage and compute capacity today with our special promotional pricing. [Unsubscribe Preferences ID: SPAM-7020]",spam
"Grow Your B2B Sales Pipeline with Verified Leads (Offer #22)
Get instant access to over 500,000 verified executive email contacts and phone numbers. Schedule a demo today. [Unsubscribe Preferences ID: SPAM-7021]",spam
"Special Invitation: International AI & Cyber Summit 2026 (Offer #23)
Join 5,000+ industry leaders at the upcoming global technology expo. Register now for your complimentary pass. [Unsubscribe Preferences ID: SPAM-7022]",spam
"Boost Your Website Ranking on Google with SEO Services (Offer #24)
We guarantee first-page ranking for your institutional website within 90 days. Click here for a free audit report. [Unsubscribe Preferences ID: SPAM-7023]",spam
"Best Rates on Commercial Business Loans and Working Capital (Offer #25)
Secure fast working capital financing for your business with zero upfront fees. Apply online in under 5 minutes. [Unsubscribe Preferences ID: SPAM-7024]",spam
"Bulk SMS and WhatsApp Marketing Platform for Universities (Offer #26)
Engage prospective students with automated SMS campaigns. Sign up for 10,000 free promotional credits. [Unsubscribe Preferences ID: SPAM-7025]",spam
"Wholesale Office Furniture & Ergonomic Chairs Clearance (Offer #27)
Upgrade your office workstations with premium mesh chairs at 50% discount. Bulk orders receive free shipping. [Unsubscribe Preferences ID: SPAM-7026]",spam
"Custom Corporate Merchandise & Branded Gifts (Offer #28)
Order customized t-shirts, mugs, and backpacks with your company logo for the upcoming annual conference. [Unsubscribe Preferences ID: SPAM-7027]",spam
"Commercial Energy Audit - Reduce Electricity Bills by 30% (Offer #29)
Schedule a free commercial energy assessment for your campus facilities and discover energy efficiency rebates. [Unsubscribe Preferences ID: SPAM-7028]",spam
"ISO Certification Consulting - Guaranteed Accreditation (Offer #30)
Achieve ISO 27001 and ISO 9001 certification with our fast-track compliance consulting services. [Unsubscribe Preferences ID: SPAM-7029]",spam
"Exclusive 70% Discount on Enterprise Cloud Subscriptions (Offer #31)
Limited time offer! Upgrade your team's cloud storage and compute capacity today with our special promotional pricing. [Unsubscribe Preferences ID: SPAM-7030]",spam
"Grow Your B2B Sales Pipeline with Verified Leads (Offer #32)
Get instant access to over 500,000 verified executive email contacts and phone numbers. Schedule a demo today. [Unsubscribe Preferences ID: SPAM-7031]",spam
"Special Invitation: International AI & Cyber Summit 2026 (Offer #33)
Join 5,000+ industry leaders at the upcoming global technology expo. Register now for your complimentary pass. [Unsubscribe Preferences ID: SPAM-7032]",spam
"Boost Your Website Ranking on Google with SEO Services (Offer #34)
We guarantee first-page ranking for your institutional website within 90 days. Click here for a free audit report. [Unsubscribe Preferences ID: SPAM-7033]",spam
"Best Rates on Commercial Business Loans and Working Capital (Offer #35)
Secure fast working capital financing for your business with zero upfront fees. Apply online in under 5 minutes. [Unsubscribe Preferences ID: SPAM-7034]",spam
"Bulk SMS and WhatsApp Marketing Platform for Universities (Offer #36)
Engage prospective students with automated SMS campaigns. Sign up for 10,000 free promotional credits. [Unsubscribe Preferences ID: SPAM-7035]",spam
"Wholesale Office Furniture & Ergonomic Chairs Clearance (Offer #37)
Upgrade your office workstations with premium mesh chairs at 50% discount. Bulk orders receive free shipping. [Unsubscribe Preferences ID: SPAM-7036]",spam
"Custom Corporate Merchandise & Branded Gifts (Offer #38)
Order customized t-shirts, mugs, and backpacks with your company logo for the upcoming annual conference. [Unsubscribe Preferences ID: SPAM-7037]",spam
"Commercial Energy Audit - Reduce Electricity Bills by 30% (Offer #39)
Schedule a free commercial energy assessment for your campus facilities and discover energy efficiency rebates. [Unsubscribe Preferences ID: SPAM-7038]",spam
"ISO Certification Consulting - Guaranteed Accreditation (Offer #40)
Achieve ISO 27001 and ISO 9001 certification with our fast-track compliance consulting services. [Unsubscribe Preferences ID: SPAM-7039]",spam
"Exclusive 70% Discount on Enterprise Cloud Subscriptions (Offer #41)
Limited time offer! Upgrade your team's cloud storage and compute capacity today with our special promotional pricing. [Unsubscribe Preferences ID: SPAM-7040]",spam
"Grow Your B2B Sales Pipeline with Verified Leads (Offer #42)
Get instant access to over 500,000 verified executive email contacts and phone numbers. Schedule a demo today. [Unsubscribe Preferences ID: SPAM-7041]",spam
"Special Invitation: International AI & Cyber Summit 2026 (Offer #43)
Join 5,000+ industry leaders at the upcoming global technology expo. Register now for your complimentary pass. [Unsubscribe Preferences ID: SPAM-7042]",spam
"Boost Your Website Ranking on Google with SEO Services (Offer #44)
We guarantee first-page ranking for your institutional website within 90 days. Click here for a free audit report. [Unsubscribe Preferences ID: SPAM-7043]",spam
"Best Rates on Commercial Business Loans and Working Capital (Offer #45)
Secure fast working capital financing for your business with zero upfront fees. Apply online in under 5 minutes. [Unsubscribe Preferences ID: SPAM-7044]",spam
"Bulk SMS and WhatsApp Marketing Platform for Universities (Offer #46)
Engage prospective students with automated SMS campaigns. Sign up for 10,000 free promotional credits. [Unsubscribe Preferences ID: SPAM-7045]",spam
"Wholesale Office Furniture & Ergonomic Chairs Clearance (Offer #47)
Upgrade your office workstations with premium mesh chairs at 50% discount. Bulk orders receive free shipping. [Unsubscribe Preferences ID: SPAM-7046]",spam
"Custom Corporate Merchandise & Branded Gifts (Offer #48)
Order customized t-shirts, mugs, and backpacks with your company logo for the upcoming annual conference. [Unsubscribe Preferences ID: SPAM-7047]",spam
"Commercial Energy Audit - Reduce Electricity Bills by 30% (Offer #49)
Schedule a free commercial energy assessment for your campus facilities and discover energy efficiency rebates. [Unsubscribe Preferences ID: SPAM-7048]",spam
"ISO Certification Consulting - Guaranteed Accreditation (Offer #50)
Achieve ISO 27001 and ISO 9001 certification with our fast-track compliance consulting services. [Unsubscribe Preferences ID: SPAM-7049]",spam
"Meeting Minutes: Weekly Engineering Sync
Hi team, thanks for attending today's engineering sync. Here is the summary of action items: 1. Deploy backend fix 2. Complete integration tests. [Campus Thread #900]",benign
"Updated Draft for Project Proposal Review
Hi Prof. Sharma, please find the revised project proposal attached for your feedback ahead of tomorrow's committee review. [Campus Thread #901]",benign
"Lunch and Learn: New Architecture Discussion
Hey everyone, we will be hosting a brown-bag lunch session this Friday in Conference Room B to discuss the v2 microservice rollout. [Campus Thread #902]",benign
"Quarterly Library Committee Meeting Schedule
Dear Colleagues, the next meeting of the university library committee will take place on Tuesday at 10:00 AM. Agenda is attached. [Campus Thread #903]",benign
"Seminar Announcement: Advances in Distributed Systems
The Department of Computer Science invites you to a guest lecture by Dr. A. Raman on scalable consensus protocols. [Campus Thread #904]",benign
"Holiday Schedule Announcement: Spring Break Closure
Please note that all administrative offices will remain closed during the upcoming spring recess from March 15 to March 22. [Campus Thread #905]",benign
"Lab Equipment Maintenance Notice: Cleanroom Closed Friday
The cleanroom facility and electron microscope will undergo scheduled preventative maintenance this Friday from 8 AM to 4 PM. [Campus Thread #906]",benign
"Code Review Request: Pull Request #204
Hi Alex, could you take a look at PR #204 when you have a moment? It refactors the telemetry metric aggregation pipeline. [Campus Thread #907]",benign
"Campus Parking Permit Renewal for Next Semester
Annual faculty parking permit renewals are now open online. Please update your vehicle registration before the start of term. [Campus Thread #908]",benign
"Congratulations to the SIH 2026 Finalist Team
We are pleased to congratulate our student team for advancing to the Grand Finale of the Smart India Hackathon 2026! [Campus Thread #909]",benign
"Meeting Minutes: Weekly Engineering Sync #11
Hi team, thanks for attending today's engineering sync. Here is the summary of action items: 1. Deploy backend fix 2. Complete integration tests. [Campus Thread #910]",benign
"Updated Draft for Project Proposal Review #12
Hi Prof. Sharma, please find the revised project proposal attached for your feedback ahead of tomorrow's committee review. [Campus Thread #911]",benign
"Lunch and Learn: New Architecture Discussion #13
Hey everyone, we will be hosting a brown-bag lunch session this Friday in Conference Room B to discuss the v2 microservice rollout. [Campus Thread #912]",benign
"Quarterly Library Committee Meeting Schedule #14
Dear Colleagues, the next meeting of the university library committee will take place on Tuesday at 10:00 AM. Agenda is attached. [Campus Thread #913]",benign
"Seminar Announcement: Advances in Distributed Systems #15
The Department of Computer Science invites you to a guest lecture by Dr. A. Raman on scalable consensus protocols. [Campus Thread #914]",benign
"Holiday Schedule Announcement: Spring Break Closure #16
Please note that all administrative offices will remain closed during the upcoming spring recess from March 15 to March 22. [Campus Thread #915]",benign
"Lab Equipment Maintenance Notice: Cleanroom Closed Friday #17
The cleanroom facility and electron microscope will undergo scheduled preventative maintenance this Friday from 8 AM to 4 PM. [Campus Thread #916]",benign
"Code Review Request: Pull Request #204 #18
Hi Alex, could you take a look at PR #204 when you have a moment? It refactors the telemetry metric aggregation pipeline. [Campus Thread #917]",benign
"Campus Parking Permit Renewal for Next Semester #19
Annual faculty parking permit renewals are now open online. Please update your vehicle registration before the start of term. [Campus Thread #918]",benign
"Congratulations to the SIH 2026 Finalist Team #20
We are pleased to congratulate our student team for advancing to the Grand Finale of the Smart India Hackathon 2026! [Campus Thread #919]",benign
"Meeting Minutes: Weekly Engineering Sync #21
Hi team, thanks for attending today's engineering sync. Here is the summary of action items: 1. Deploy backend fix 2. Complete integration tests. [Campus Thread #920]",benign
"Updated Draft for Project Proposal Review #22
Hi Prof. Sharma, please find the revised project proposal attached for your feedback ahead of tomorrow's committee review. [Campus Thread #921]",benign
"Lunch and Learn: New Architecture Discussion #23
Hey everyone, we will be hosting a brown-bag lunch session this Friday in Conference Room B to discuss the v2 microservice rollout. [Campus Thread #922]",benign
"Quarterly Library Committee Meeting Schedule #24
Dear Colleagues, the next meeting of the university library committee will take place on Tuesday at 10:00 AM. Agenda is attached. [Campus Thread #923]",benign
"Seminar Announcement: Advances in Distributed Systems #25
The Department of Computer Science invites you to a guest lecture by Dr. A. Raman on scalable consensus protocols. [Campus Thread #924]",benign
"Holiday Schedule Announcement: Spring Break Closure #26
Please note that all administrative offices will remain closed during the upcoming spring recess from March 15 to March 22. [Campus Thread #925]",benign
"Lab Equipment Maintenance Notice: Cleanroom Closed Friday #27
The cleanroom facility and electron microscope will undergo scheduled preventative maintenance this Friday from 8 AM to 4 PM. [Campus Thread #926]",benign
"Code Review Request: Pull Request #204 #28
Hi Alex, could you take a look at PR #204 when you have a moment? It refactors the telemetry metric aggregation pipeline. [Campus Thread #927]",benign
"Campus Parking Permit Renewal for Next Semester #29
Annual faculty parking permit renewals are now open online. Please update your vehicle registration before the start of term. [Campus Thread #928]",benign
"Congratulations to the SIH 2026 Finalist Team #30
We are pleased to congratulate our student team for advancing to the Grand Finale of the Smart India Hackathon 2026! [Campus Thread #929]",benign
"Meeting Minutes: Weekly Engineering Sync #31
Hi team, thanks for attending today's engineering sync. Here is the summary of action items: 1. Deploy backend fix 2. Complete integration tests. [Campus Thread #930]",benign
"Updated Draft for Project Proposal Review #32
Hi Prof. Sharma, please find the revised project proposal attached for your feedback ahead of tomorrow's committee review. [Campus Thread #931]",benign
"Lunch and Learn: New Architecture Discussion #33
Hey everyone, we will be hosting a brown-bag lunch session this Friday in Conference Room B to discuss the v2 microservice rollout. [Campus Thread #932]",benign
"Quarterly Library Committee Meeting Schedule #34
Dear Colleagues, the next meeting of the university library committee will take place on Tuesday at 10:00 AM. Agenda is attached. [Campus Thread #933]",benign
"Seminar Announcement: Advances in Distributed Systems #35
The Department of Computer Science invites you to a guest lecture by Dr. A. Raman on scalable consensus protocols. [Campus Thread #934]",benign
"Holiday Schedule Announcement: Spring Break Closure #36
Please note that all administrative offices will remain closed during the upcoming spring recess from March 15 to March 22. [Campus Thread #935]",benign
"Lab Equipment Maintenance Notice: Cleanroom Closed Friday #37
The cleanroom facility and electron microscope will undergo scheduled preventative maintenance this Friday from 8 AM to 4 PM. [Campus Thread #936]",benign
"Code Review Request: Pull Request #204 #38
Hi Alex, could you take a look at PR #204 when you have a moment? It refactors the telemetry metric aggregation pipeline. [Campus Thread #937]",benign
"Campus Parking Permit Renewal for Next Semester #39
Annual faculty parking permit renewals are now open online. Please update your vehicle registration before the start of term. [Campus Thread #938]",benign
"Congratulations to the SIH 2026 Finalist Team #40
We are pleased to congratulate our student team for advancing to the Grand Finale of the Smart India Hackathon 2026! [Campus Thread #939]",benign
"Meeting Minutes: Weekly Engineering Sync #41
Hi team, thanks for attending today's engineering sync. Here is the summary of action items: 1. Deploy backend fix 2. Complete integration tests. [Campus Thread #940]",benign
"Updated Draft for Project Proposal Review #42
Hi Prof. Sharma, please find the revised project proposal attached for your feedback ahead of tomorrow's committee review. [Campus Thread #941]",benign
"Lunch and Learn: New Architecture Discussion #43
Hey everyone, we will be hosting a brown-bag lunch session this Friday in Conference Room B to discuss the v2 microservice rollout. [Campus Thread #942]",benign
"Quarterly Library Committee Meeting Schedule #44
Dear Colleagues, the next meeting of the university library committee will take place on Tuesday at 10:00 AM. Agenda is attached. [Campus Thread #943]",benign
"Seminar Announcement: Advances in Distributed Systems #45
The Department of Computer Science invites you to a guest lecture by Dr. A. Raman on scalable consensus protocols. [Campus Thread #944]",benign
"Holiday Schedule Announcement: Spring Break Closure #46
Please note that all administrative offices will remain closed during the upcoming spring recess from March 15 to March 22. [Campus Thread #945]",benign
"Lab Equipment Maintenance Notice: Cleanroom Closed Friday #47
The cleanroom facility and electron microscope will undergo scheduled preventative maintenance this Friday from 8 AM to 4 PM. [Campus Thread #946]",benign
"Code Review Request: Pull Request #204 #48
Hi Alex, could you take a look at PR #204 when you have a moment? It refactors the telemetry metric aggregation pipeline. [Campus Thread #947]",benign
"Campus Parking Permit Renewal for Next Semester #49
Annual faculty parking permit renewals are now open online. Please update your vehicle registration before the start of term. [Campus Thread #948]",benign
"Congratulations to the SIH 2026 Finalist Team #50
We are pleased to congratulate our student team for advancing to the Grand Finale of the Smart India Hackathon 2026! [Campus Thread #949]",benign
